1,1,30,2
2,49,16,1
3,12,32,1
4,43,33,2
5,22,40,0
6,36,31,2
7,21,26,0
8,45,36,2
9,10,13,0
10,6,21,0
11,7,7,1
12,33,6,0
13,4,19,2
14,49,32,0
15,3,19,0
16,18,12,2
17,16,6,2
18,3,46,0
19,50,21,0
20,20,46,1
21,6,0,1
22,25,2,1
23,18,12,0
24,43,22,2
25,23,19,2
26,21,45,1
27,27,6,2
28,42,33,2
29,44,29,1
30,41,8,1
31,48,23,1
32,16,18,0
33,8,15,1
34,14,5,1
35,15,32,2
36,31,13,0
37,6,28,0
38,28,24,0
39,31,18,2
40,15,29,2
41,35,31,1
42,45,34,0
43,10,33,1
44,36,1,1
45,40,2,0
46,23,44,1
47,14,29,2
48,47,32,0
49,23,3,1
50,33,34,2
51,40,19,1
52,4,46,0
53,3,29,2
54,32,38,2
55,12,37,1
56,12,37,0
57,13,37,1
58,18,41,2
59,24,21,2
60,46,2,1
61,17,17,0
62,0,45,1
63,18,22,2
64,6,29,1
65,32,10,0
66,26,43,1
67,4,21,0
68,0,40,2
69,34,21,0
70,4,30,2
71,45,13,2
72,8,16,2
73,3,8,1
74,35,5,0
75,15,39,0
76,22,36,0
77,38,27,2
78,38,29,1
79,38,40,0
80,6,25,2
81,22,46,2
82,3,6,0
83,8,40,2
84,19,10,1
85,34,10,0
86,22,33,1
87,1,22,1
88,28,2,2
89,42,14,1
90,7,8,0
91,45,31,1
92,11,3,1
93,38,41,2
94,0,12,2
95,16,26,2
96,22,5,2
97,12,5,1
98,47,25,1
99,2,4,0
100,39,5,2
101,24,21,0
102,29,6,1
103,9,2,0
104,49,24,2
105,29,26,0
106,34,40,2
107,28,10,2
108,40,5,2
109,2,39,2
110,1,9,1
111,38,14,0
112,18,8,0
113,32,6,0
114,40,20,1
115,33,31,2
116,29,38,0
117,3,0,2
118,21,8,0
119,35,39,0
120,43,27,2
121,29,46,2
122,46,44,1
123,50,29,0
124,45,46,1
125,32,5,0
126,45,18,2
127,12,24,0
128,37,27,1
129,47,10,2
130,16,45,0
131,1,4,2
132,25,28,1
133,38,20,2
134,20,27,0
135,12,23,1
136,48,38,2
137,45,17,2
138,10,28,2
139,22,18,1
140,2,18,1
141,22,0,0
142,10,4,0
143,35,42,1
144,13,47,1
145,34,4,1
146,11,17,0
147,28,37,0
148,9,37,0
149,21,3,0
150,31,9,0
151,17,27,1
152,15,13,0
153,49,23,1
154,23,41,0
155,5,32,1
156,1,12,0
157,11,40,0
158,47,36,2
159,33,12,2
160,33,27,0
161,21,20,1
162,30,32,1
163,49,18,2
164,26,47,0
165,5,6,0
166,15,10,2
167,10,35,1
168,21,14,2
169,19,19,0
170,4,13,2
171,29,17,2
172,19,6,0
173,46,41,0
174,46,32,0
175,46,18,2
176,50,37,1
177,24,27,0
178,21,14,1
179,26,27,1
180,17,33,1
181,36,8,2
182,44,30,0
183,4,43,0
184,20,40,0
185,32,25,2
186,24,25,1
187,5,42,0
188,7,15,1
189,18,27,2
190,29,6,0
191,39,11,1
192,19,14,1
193,4,25,0
194,46,0,2
195,7,21,0
196,8,12,1
197,50,7,0
198,33,28,1
199,36,41,2
200,13,7,1
201,50,5,0
202,42,32,1
203,15,26,1
204,35,14,1
205,10,24,0
206,32,16,2
207,6,23,2
208,44,14,0
209,24,24,0
210,50,15,1
211,37,24,2
212,20,13,2
213,50,13,1
214,2,41,2
215,37,25,0
216,17,40,0
217,35,36,0
218,44,15,2
219,4,26,2
220,17,36,1
221,16,13,1
222,31,42,1
223,50,46,1
224,37,38,2
225,6,38,2
226,7,45,2
227,31,10,1
228,10,0,2
229,19,37,0
230,3,15,0
231,42,5,0
232,48,4,2
233,48,2,2
234,24,3,0
235,7,17,1
236,9,40,1
237,45,5,2
238,30,40,0
239,36,39,2
240,47,41,0
241,0,12,0
242,48,12,1
243,11,10,1
244,6,7,1
245,19,36,2
246,31,13,1
247,43,26,2
248,17,31,1
249,29,5,0
250,21,32,0
251,47,12,2
252,29,20,2
253,36,37,2
254,7,3,1
255,3,15,1
256,49,28,0
257,30,11,0
258,43,47,2
259,29,4,1
260,34,21,1
261,50,22,2
262,25,4,1
263,25,28,2
264,23,4,0
265,40,35,1
266,15,21,0
267,9,24,2
268,49,11,0
269,49,30,0
270,41,36,1
271,46,11,0
272,1,45,2
273,20,11,0
274,25,23,0
275,43,24,2
276,37,2,1
277,7,39,2
278,37,44,0
279,25,24,2
280,14,37,1
281,42,1,0
282,12,7,2
283,39,10,1
284,24,44,2
285,7,20,2
286,13,20,0
287,43,13,2
288,18,47,1
289,15,41,2
290,50,46,0
291,44,45,0
292,18,35,2
293,20,35,2
294,11,19,2
295,19,29,2
296,34,26,0
297,33,6,2
298,47,21,1
299,44,3,1
300,32,12,2
301,12,11,1
302,41,2,2
303,43,4,2
304,4,28,1
305,6,45,1
306,42,25,1
307,33,39,1
308,21,29,2
309,37,4,1
310,34,7,2
311,2,19,2
312,40,33,0
313,20,22,1
314,1,42,0
315,49,46,2
316,50,17,0
317,20,36,1
318,41,4,2
319,39,47,1
320,15,17,0
321,19,28,0
322,49,14,1
323,2,36,2
324,1,16,2
325,20,45,2
326,50,5,2
327,0,15,2
328,22,19,1
329,0,16,1
330,24,12,1
331,7,0,0
332,7,38,1
333,34,40,0
334,13,43,0
335,10,37,2
336,11,29,0
337,5,41,1
338,33,32,0
339,45,41,2
340,43,41,1
341,43,38,1
342,39,18,1
343,9,32,0
344,34,46,2
345,0,21,2
346,25,24,1
347,0,0,0
348,38,35,2
349,11,25,1
350,14,46,2
351,6,26,1
352,6,4,0
353,16,22,1
354,22,40,2
355,34,44,2
356,20,19,2
357,10,23,0
358,49,17,1
359,50,38,0
360,17,39,0
361,39,21,2
362,8,40,0
363,25,34,0
364,40,24,1
365,31,4,1
366,30,12,0
367,41,7,0
368,21,2,1
369,9,42,0
370,43,18,1
371,11,13,2
372,38,0,0
373,5,31,2
374,43,7,1
375,25,23,1
376,6,11,2
377,26,40,2
378,35,32,2
379,0,30,2
380,15,11,0
381,45,29,2
382,17,38,2
383,27,12,2
384,3,14,1
385,16,20,2
386,44,42,0
387,39,16,2
388,2,47,0
389,30,13,1
390,17,22,1
391,39,18,0
392,23,14,1
393,36,33,1
394,30,17,0
395,17,40,1
396,7,20,1
397,48,1,1
398,34,38,0
399,12,2,1
400,21,33,0
401,40,5,1
402,14,31,2
403,5,41,2
404,45,22,1
405,14,10,2
406,22,43,2
407,45,32,1
408,15,33,0
409,12,19,1
410,2,15,2
411,22,11,2
412,4,19,1
413,5,17,0
414,30,4,1
415,1,23,2
416,21,29,0
417,34,3,0
418,19,25,2
419,31,46,0
420,3,34,0
421,19,0,0
422,49,31,0
423,33,5,0
424,30,11,1
425,44,28,1
426,3,29,1
427,32,42,1
428,32,6,1
429,41,20,0
430,38,21,1
431,31,14,1
432,45,24,2
433,19,47,1
434,45,23,0
435,17,30,1
436,33,13,2
437,41,19,2
438,5,29,2
439,40,11,0
440,9,30,2
441,12,23,0
442,22,39,1
443,15,37,2
444,28,20,0
445,17,28,0
446,47,23,0
447,3,36,2
448,30,33,2
449,44,19,1
450,37,0,1
451,18,46,2
452,49,40,2
453,10,31,2
454,19,17,1
455,42,46,1
456,33,47,1
457,44,6,1
458,22,30,2
459,43,22,0
460,22,0,2
461,5,34,2
462,7,22,1
463,47,15,0
464,15,27,1
465,49,32,2
466,34,41,2
467,37,19,1
468,26,38,2
469,49,4,1
470,15,15,2
471,4,11,1
472,44,3,2
473,16,33,0
474,39,47,0
475,0,0,1
476,49,27,1
477,33,24,2
478,2,40,1
479,28,6,2
480,45,31,2
481,18,31,2
482,1,16,1
483,30,12,2
484,50,20,0
485,33,40,0
486,33,0,0
487,0,47,1
488,23,7,0
489,16,35,1
490,12,16,0
491,26,30,2
492,42,15,1
493,4,25,2
494,12,40,2
495,25,22,0
496,5,1,2
497,28,29,1
498,27,15,2
499,43,25,2
500,26,42,1
501,14,20,1
502,25,27,0
503,31,45,2
504,4,43,1
505,8,34,2
506,48,21,1
507,49,13,2
508,40,36,0
509,43,29,0
510,42,47,2
511,50,32,0
512,19,25,1
513,36,31,0
514,22,21,1
515,13,25,2
516,23,42,2
517,11,6,1
518,4,0,2
519,26,12,2
520,6,8,1
521,12,38,1
522,38,6,1
523,47,22,2
524,5,40,2
525,36,38,0
526,3,11,2
527,33,39,0
528,9,33,2
529,16,40,2
530,37,40,0
531,45,26,0
532,20,8,2
533,1,22,2
534,45,7,2
535,31,19,0
536,20,10,1
537,42,2,0
538,10,45,2
539,26,18,0
540,30,31,1
541,40,18,1
542,42,42,0
543,37,29,0
544,20,17,0
545,29,32,2
546,41,17,0
547,47,28,1
548,48,25,1
549,38,23,2
550,24,9,2
551,17,32,0
552,13,17,0
553,44,24,1
554,3,14,2
555,38,33,1
556,30,1,2
557,23,34,2
558,49,34,1
559,24,45,2
560,13,27,2
561,46,13,0
562,30,16,1
563,43,26,1
564,41,39,1
565,8,44,0
566,41,10,2
567,40,28,0
568,26,10,0
569,47,13,0
570,5,41,0
571,43,7,2
572,48,44,0
573,26,21,1
574,44,6,2
575,41,15,1
576,34,7,1
577,30,47,0
578,34,20,1
579,30,41,2
580,26,33,0
581,37,46,1
582,16,1,0
583,36,32,1
584,44,2,0
585,39,36,2
586,22,24,2
587,25,41,0
588,15,27,0
589,44,16,2
590,10,37,0
591,37,32,1
592,5,46,2
593,6,39,0
594,38,2,0
595,37,34,1
596,45,0,0
597,16,37,1
598,46,39,0
599,7,24,1
600,8,31,0
601,46,7,2
602,14,33,0
603,44,20,1
604,5,16,2
605,12,18,0
606,25,0,1
607,20,20,1
608,16,0,1
609,22,42,0
610,48,38,1
611,22,19,0
612,7,45,0
613,13,47,0
614,14,13,1
615,9,30,1
616,39,45,2
617,31,1,1
618,16,0,2
619,49,1,0
620,43,32,2
621,7,19,0
622,46,0,1
623,42,28,1
624,14,11,2
625,47,11,0
626,6,11,1
627,20,16,0
628,24,38,0
629,5,7,1
630,20,2,2
631,33,38,1
632,49,34,0
633,33,45,1
634,42,37,0
635,23,5,0
636,25,9,2
637,37,39,0
638,0,28,2
639,49,14,0
640,48,45,1
641,13,45,0
642,24,4,0
643,42,40,2
644,46,30,1
645,22,45,0
646,23,45,2
647,30,22,0
648,40,1,0
649,41,28,1
650,19,28,1
651,7,36,0
652,1,27,0
653,21,7,0
654,20,30,0
655,2,32,2
656,14,35,0
657,43,12,2
658,9,4,0
659,20,21,2
660,12,47,1
661,12,37,2
662,16,16,0
663,35,19,0
664,35,19,1
665,19,13,1
666,41,19,0
667,2,7,2
668,1,8,2
669,28,31,2
670,40,44,1
671,32,21,1
672,19,6,1
673,36,24,0
674,45,42,2
675,3,39,2
676,12,43,0
677,11,37,1
678,29,2,1
679,12,27,0
680,44,4,2
681,10,45,0
682,36,32,2
683,18,31,0
684,42,31,1
685,27,38,2
686,8,29,1
687,48,19,0
688,50,40,0
689,40,3,1
690,4,36,2
691,24,34,1
692,32,12,1
693,32,0,0
694,1,7,1
695,10,24,2
696,15,0,1
697,42,6,0
698,29,13,1
699,7,6,0
700,23,24,1
701,38,23,0
702,3,37,0
703,6,30,0
704,27,1,1
705,23,7,2
706,18,19,0
707,7,47,1
708,18,27,1
709,41,16,1
710,11,10,0
711,32,4,1
712,16,36,2
713,42,23,2
714,5,28,1
715,22,6,0
716,50,28,2
717,37,24,1
718,0,37,2
719,32,45,0
720,34,8,1
721,41,20,1
722,7,5,1
723,10,36,1
724,30,38,1
725,9,34,2
726,20,23,1
727,6,36,1
728,40,24,2
729,24,17,1
730,48,35,1
731,23,8,0
732,46,32,2
733,35,28,1
734,43,19,2
735,49,12,0
736,11,7,0
737,34,45,0
738,11,47,2
739,44,13,0
740,34,45,1
741,6,35,2
742,26,19,1
743,45,2,1
744,28,1,0
745,46,38,2
746,31,22,2
747,16,3,2
748,20,24,1
749,27,30,2
750,40,0,2
751,11,17,1
752,50,26,1
753,14,42,1
754,36,42,2
755,44,12,2
756,49,42,0
757,1,24,2
758,29,20,0
759,36,0,2
760,5,24,2
761,33,36,1
762,30,39,0
763,3,35,2
764,3,28,0
765,31,28,2
766,32,36,1
767,14,22,1
768,25,19,2
769,48,35,2
770,2,31,0
771,22,26,1
772,37,1,1
773,45,43,0
774,36,12,2
775,5,36,2
776,32,33,2
777,47,41,2
778,0,0,2
779,41,32,1
780,36,10,2
781,10,46,1
782,10,34,1
783,45,45,0
784,28,29,0
785,37,16,0
786,35,21,0
787,17,36,2
788,27,33,0
789,17,9,0
790,20,14,1
791,20,3,0
792,19,5,2
793,28,25,2
794,14,1,0
795,48,32,1
796,46,9,0
797,30,41,0
798,25,29,0
799,24,37,1
800,1,41,1
801,28,30,2
802,41,28,2
803,44,24,0
804,27,43,0
805,44,26,2
806,27,35,0
807,41,2,1
808,31,12,2
809,27,13,1
810,11,8,0
811,0,33,0
812,8,20,0
813,20,4,0
814,20,30,2
815,2,16,1
816,37,38,0
817,34,13,1
818,14,37,0
819,29,41,0
820,1,18,1
821,40,37,2
822,1,25,1
823,25,30,2
824,32,46,2
825,0,33,2
826,31,47,0
827,50,24,1
828,31,31,1
829,25,1,0
830,44,21,0
831,49,39,1
832,32,45,2
833,44,17,0
834,28,38,2
835,24,0,2
836,35,2,0
837,48,39,1
838,6,23,1
839,36,27,2
840,2,18,2
841,35,20,0
842,17,9,2
843,1,32,2
844,48,24,1
845,17,0,1
846,31,42,2
847,22,10,2
848,1,21,0
849,2,9,1
850,11,27,0
851,28,3,0
852,40,18,2
853,9,32,1
854,32,3,2
855,28,36,1
856,6,12,1
857,27,10,0
858,10,17,1
859,26,8,2
860,42,32,0
861,35,25,0
862,33,11,2
863,8,0,2
864,0,45,2
865,2,37,1
866,1,28,0
867,23,41,1
868,13,45,1
869,11,31,1
870,50,46,2
871,4,37,0
872,46,19,2
873,11,13,0
874,46,5,2
875,6,28,1
876,0,40,1
877,9,18,1
878,41,37,0
879,6,42,0
880,19,12,2
881,29,23,1
882,23,26,1
883,26,21,2
884,8,18,2
885,50,18,0
886,50,36,1
887,10,8,1
888,45,32,0
889,27,4,0
890,32,27,0
891,30,16,0
892,22,41,1
893,3,24,1
894,34,35,1
895,24,26,1
896,6,40,2
897,16,6,1
898,23,21,0
899,45,1,2
900,46,43,1
901,40,1,2
902,45,36,0
903,25,34,1
904,17,14,2
905,28,8,1
906,36,30,0
907,50,45,2
908,45,5,1
909,28,14,2
910,18,46,0
911,27,8,0
912,16,9,2
913,48,7,0
914,3,17,1
915,38,38,1
916,14,35,2
917,0,6,1
918,10,3,1
919,24,41,2
920,23,8,1
921,33,12,1
922,19,12,1
923,50,25,2
924,8,4,0
925,41,17,1
926,37,20,0
927,23,7,1
928,12,7,1
929,41,33,1
930,35,43,0
931,1,23,0
932,9,35,2
933,35,44,2
934,18,6,2
935,2,20,1
936,23,3,0
937,0,13,2
938,22,0,1
939,14,26,2
940,12,11,0
941,7,43,0
942,41,42,2
943,36,13,2
944,21,16,1
945,42,13,0
946,24,40,1
947,2,21,0
948,40,28,1
949,19,2,2
950,34,1,2
951,15,11,1
952,45,37,0
953,42,24,1
954,4,4,1
955,38,16,1
956,27,19,1
957,3,5,0
958,5,21,1
959,37,14,0
960,18,7,2
961,21,44,0
962,10,18,2
963,3,40,2
964,47,19,2
965,49,7,0
966,0,42,2
967,14,12,2
968,15,19,0
969,39,10,0
970,19,38,2
971,4,28,2
972,36,1,0
973,30,7,2
974,6,40,1
975,42,8,2
976,29,33,2
977,49,1,2
978,2,22,0
979,5,18,0
980,10,38,2
981,50,20,1
982,33,17,1
983,11,47,0
984,4,1,0
985,45,14,2
986,11,36,0
987,33,3,2
988,20,17,1
989,41,1,1
990,13,46,2
991,39,12,0
992,47,27,2
993,2,38,2
994,14,42,2
995,11,32,1
996,25,15,2
997,34,46,1
998,13,30,2
999,50,34,2
1000,12,47,0
1001,19,44,2
1002,26,1,2
1003,13,26,0
1004,11,31,0
1005,30,40,2
1006,28,44,1
1007,14,20,2
1008,6,46,2
1009,13,6,0
1010,47,46,2
1011,48,12,0
1012,15,30,1
1013,17,6,1
1014,22,19,2
1015,47,44,1
1016,8,17,1
1017,43,38,0
1018,16,6,0
1019,4,38,2
1020,16,38,1
1021,50,2,0
1022,38,47,2
1023,48,23,0
1024,16,45,1
1025,0,24,0
1026,47,8,0
1027,18,24,1
1028,46,43,0
1029,31,11,0
1030,13,14,0
1031,1,35,1
1032,43,36,1
1033,10,46,0
1034,3,41,0
1035,27,42,2
1036,24,23,2
1037,43,11,0
1038,18,11,2
1039,46,12,2
1040,32,33,0
1041,15,20,0
1042,43,2,2
1043,40,4,1
1044,24,12,2
1045,1,12,2
1046,24,0,1
1047,9,0,2
1048,0,4,0
1049,50,34,0
1050,15,45,1
1051,26,46,0
1052,43,44,2
1053,35,35,2
1054,29,34,1
1055,48,20,2
1056,43,33,1
1057,0,7,2
1058,24,33,1
1059,18,18,1
1060,37,9,0
1061,30,43,0
1062,23,2,2
1063,23,9,1
1064,22,46,0
1065,42,44,1
1066,23,28,2
1067,40,13,0
1068,6,22,2
1069,32,44,2
1070,8,18,1
1071,27,43,1
1072,16,36,1
1073,37,2,2
1074,31,21,2
1075,8,7,1
1076,31,41,0
1077,18,43,0
1078,26,26,0
1079,47,47,2
1080,44,47,0
1081,5,33,2
1082,22,26,0
1083,44,30,1
1084,4,29,0
1085,30,0,2
1086,49,19,2
1087,39,12,1
1088,37,14,2
1089,17,21,2
1090,13,26,2
1091,18,28,2
1092,49,33,1
1093,47,11,2
1094,49,10,1
1095,36,41,1
1096,16,16,2
1097,23,41,2
1098,8,3,2
1099,18,22,1
1100,6,15,0
1101,19,20,0
1102,19,8,0
1103,39,14,1
1104,46,46,2
1105,15,36,2
1106,39,24,0
1107,46,10,2
1108,26,43,0
1109,23,38,0
1110,45,43,2
1111,36,36,1
1112,32,26,1
1113,20,0,1
1114,39,35,0
1115,31,36,0
1116,7,0,1
1117,12,32,2
1118,15,36,1
1119,23,12,2
1120,21,16,0
1121,15,23,1
1122,29,2,0
1123,21,20,2
1124,1,10,0
1125,0,22,2
1126,39,12,2
1127,16,28,1
1128,18,24,2
1129,9,45,0
1130,31,20,1
1131,28,34,2
1132,46,18,1
1133,3,16,2
1134,5,5,0
1135,35,32,1
1136,47,5,0
1137,3,13,2
1138,24,6,1
1139,4,31,1
1140,13,3,2
1141,40,19,2
1142,2,28,0
1143,24,27,1
1144,43,10,0
1145,32,8,0
1146,48,41,1
1147,30,28,1
1148,5,24,0
1149,18,38,1
1150,3,2,0
1151,15,7,0
1152,43,31,2
1153,48,47,0
1154,13,25,1
1155,46,40,0
1156,14,41,1
1157,34,27,0
1158,50,11,2
1159,45,45,2
1160,41,7,2
1161,22,38,0
1162,26,24,2
1163,36,34,1
1164,42,6,2
1165,27,8,1
1166,1,29,1
1167,25,21,2
1168,31,5,1
1169,17,12,1
1170,2,44,0
1171,24,34,2
1172,8,14,0
1173,0,28,0
1174,48,28,0
1175,33,22,0
1176,11,0,1
1177,32,29,2
1178,10,32,0
1179,49,46,1
1180,34,3,2
1181,29,43,2
1182,24,22,2
1183,13,1,0
1184,50,24,2
1185,46,27,0
1186,37,35,0
1187,49,7,1
1188,21,31,0
1189,2,45,0
1190,37,31,1
1191,14,34,0
1192,50,15,2
1193,1,5,2
1194,25,26,0
1195,13,39,1
1196,21,14,0
1197,14,27,2
1198,2,17,0
1199,6,4,2
1200,17,38,0
1201,32,45,1
1202,2,15,0
1203,22,28,1
1204,14,38,0
1205,29,16,0
1206,20,38,1
1207,38,13,2
1208,28,2,1
1209,43,36,0
1210,45,10,0
1211,28,41,1
1212,45,47,0
1213,36,27,1
1214,32,47,1
1215,30,5,2
1216,10,22,0
1217,43,19,1
1218,13,9,0
1219,6,7,2
1220,16,20,1
1221,23,18,0
1222,48,6,2
1223,21,27,1
1224,40,11,2
1225,26,28,0
1226,48,18,2
1227,40,23,0
1228,16,5,0
1229,48,40,1
1230,45,38,0
1231,41,4,0
1232,10,47,0
1233,46,34,1
1234,31,17,0
1235,23,26,2
1236,34,40,1
1237,29,44,0
1238,36,33,2
1239,16,21,1
1240,39,30,0
1241,0,11,0
1242,4,25,1
1243,9,46,1
1244,11,34,1
1245,2,37,0
1246,22,12,1
1247,29,14,0
1248,7,17,2
1249,13,15,0
1250,8,9,1
1251,31,11,1
1252,28,28,1
1253,2,46,2
1254,28,38,1
1255,27,12,0
1256,3,10,2
1257,10,25,1
1258,28,7,1
1259,21,31,1
1260,8,8,2
1261,43,27,1
1262,17,41,1
1263,18,15,0
1264,31,25,1
1265,0,36,2
1266,22,8,2
1267,7,41,0
1268,38,9,1
1269,6,47,2
1270,29,32,0
1271,7,10,0
1272,44,33,0
1273,2,15,1
1274,32,44,1
1275,36,19,1
1276,35,13,2
1277,48,9,0
1278,26,22,1
1279,33,41,2
1280,46,17,0
1281,26,17,1
1282,1,19,0
1283,45,27,2
1284,26,12,0
1285,35,26,1
1286,5,37,1
1287,32,44,0
1288,16,47,2
1289,27,40,1
1290,18,35,0
1291,45,38,1
1292,25,20,1
1293,28,12,0
1294,27,32,2
1295,12,34,1
1296,15,28,2
1297,9,15,1
1298,26,9,2
1299,33,33,0
1300,48,22,1
1301,5,28,0
1302,12,10,1
1303,24,5,1
1304,27,35,1
1305,41,15,2
1306,48,38,0
1307,9,36,1
1308,19,8,1
1309,28,5,2
1310,42,1,1
1311,11,40,2
1312,16,27,0
1313,27,27,1
1314,44,20,0
1315,40,12,2
1316,39,15,2
1317,41,42,1
1318,38,17,1
1319,6,3,2
1320,43,28,0
1321,43,33,0
1322,35,3,1
1323,39,7,0
1324,3,38,0
1325,11,23,2
1326,46,43,2
1327,4,17,1
1328,37,27,0
1329,39,43,0
1330,11,43,2
1331,6,9,2
1332,34,22,2
1333,35,1,1
1334,0,10,2
1335,11,1,0
1336,41,21,2
1337,41,2,0
1338,37,30,2
1339,16,8,0
1340,41,26,0
1341,3,18,1
1342,40,43,0
1343,25,5,0
1344,23,46,0
1345,9,4,1
1346,43,43,1
1347,13,2,1
1348,50,28,1
1349,38,14,2
1350,50,19,0
1351,47,23,2
1352,25,13,0
1353,0,35,1
1354,41,15,0
1355,47,40,1
1356,1,8,0
1357,5,27,0
1358,20,37,0
1359,24,32,2
1360,32,19,2
1361,1,21,2
1362,9,28,1
1363,0,34,0
1364,4,14,2
1365,20,43,0
1366,49,27,2
1367,33,8,2
1368,13,17,1
1369,37,12,1
1370,20,6,2
1371,38,31,2
1372,24,10,0
1373,20,18,1
1374,19,5,0
1375,11,8,1
1376,37,42,2
1377,44,34,1
1378,44,21,1
1379,30,38,2
1380,35,32,0
1381,8,23,2
1382,24,28,2
1383,7,38,2
1384,2,36,0
1385,47,31,1
1386,38,38,2
1387,14,3,0
1388,0,17,0
1389,18,2,0
1390,42,33,1
1391,22,7,0
1392,17,2,1
1393,34,46,0
1394,12,15,2
1395,8,25,1
1396,10,35,0
1397,39,40,1
1398,43,38,2
1399,7,18,2
1400,4,15,2
1401,36,39,1
1402,4,34,2
1403,42,43,1
1404,36,20,1
1405,34,29,2
1406,13,32,1
1407,24,14,0
1408,0,42,1
1409,10,39,2
1410,30,46,2
1411,24,25,0
1412,45,45,1
1413,3,37,2
1414,48,46,0
1415,37,41,0
1416,34,28,1
1417,47,43,1
1418,5,31,1
1419,27,13,2
1420,24,0,0
1421,12,3,2
1422,37,8,0
1423,6,24,1
1424,34,38,1
1425,46,47,0
1426,8,15,2
1427,45,41,0
1428,48,7,1
1429,36,7,2
1430,24,31,2
1431,47,38,0
1432,29,24,2
1433,5,12,0
1434,34,29,0
1435,7,4,2
1436,19,25,0
1437,3,23,2
1438,42,39,1
1439,22,29,2
1440,0,9,2
1441,32,41,2
1442,8,26,2
1443,23,6,0
1444,7,31,1
1445,33,36,2
1446,34,22,0
1447,30,31,0
1448,12,21,2
1449,24,4,2
1450,37,31,0
1451,47,40,2
1452,1,47,2
1453,39,36,0
1454,42,8,0
1455,30,2,0
1456,40,45,2
1457,39,36,1
1458,36,42,0
1459,3,37,1
1460,5,44,0
1461,45,47,2
1462,22,39,2
1463,36,19,0
1464,30,40,1
1465,45,15,0
1466,28,9,1
1467,44,25,2
1468,34,0,2
1469,16,27,2
1470,36,42,1
1471,38,30,0
1472,27,22,2
1473,6,19,1
1474,11,16,0
1475,34,13,0
1476,41,22,2
1477,39,20,2
1478,27,23,0
1479,43,9,1
1480,43,15,2
1481,30,27,0
1482,30,7,1
1483,45,14,1
1484,21,29,1
1485,30,41,1
1486,17,8,2
1487,22,31,1
1488,1,31,2
1489,35,9,2
1490,33,19,2
1491,45,0,2
1492,39,27,0
1493,2,6,0
1494,14,11,0
1495,27,10,2
1496,34,12,2
1497,42,13,2
1498,32,12,0
1499,44,38,0
1500,42,13,1
1501,3,20,2
1502,34,35,0
1503,42,37,2
1504,4,11,0
1505,2,44,2
1506,0,12,1
1507,10,25,2
1508,34,41,0
1509,4,23,1
1510,12,4,0
1511,39,15,1
1512,38,42,0
1513,14,33,2
1514,25,24,0
1515,9,1,1
1516,14,2,0
1517,40,21,2
1518,31,40,2
1519,50,2,1
1520,5,26,0
1521,25,20,0
1522,20,43,1
1523,44,7,1
1524,12,15,0
1525,32,25,0
1526,32,27,2
1527,38,32,2
1528,5,15,2
1529,13,34,0
1530,22,46,1
1531,16,42,0
1532,13,11,1
1533,49,6,2
1534,12,12,0
1535,15,16,2
1536,8,13,1
1537,4,22,0
1538,28,46,0
1539,31,0,1
1540,29,5,1
1541,3,11,1
1542,20,0,2
1543,34,11,1
1544,9,38,2
1545,43,19,0
1546,22,15,2
1547,10,10,0
1548,23,35,2
1549,17,45,1
1550,19,20,1
1551,35,36,1
1552,31,8,2
1553,9,44,0
1554,22,35,2
1555,1,40,0
1556,8,37,0
1557,25,14,1
1558,35,24,1
1559,50,9,0
1560,48,22,2
1561,12,25,0
1562,47,2,1
1563,6,18,0
1564,30,9,2
1565,14,43,2
1566,48,34,0
1567,10,25,0
1568,33,25,0
1569,25,1,1
1570,38,24,0
1571,23,42,0
1572,13,35,1
1573,48,0,0
1574,34,34,1
1575,18,18,0
1576,32,23,1
1577,46,10,0
1578,9,38,0
1579,7,8,1
1580,13,41,2
1581,22,8,0
1582,3,29,0
1583,40,5,0
1584,21,8,1
1585,47,18,2
1586,31,1,0
1587,35,38,2
1588,35,8,1
1589,40,8,1
1590,10,7,2
1591,27,25,2
1592,15,43,0
1593,40,47,0
1594,10,38,1
1595,3,9,0
1596,22,23,2
1597,7,46,1
1598,26,25,0
1599,48,33,0
1600,14,6,2
1601,20,16,1
1602,30,44,2
1603,14,41,2
1604,18,10,0
1605,29,43,1
1606,44,20,2
1607,17,5,1
1608,25,10,0
1609,44,42,1
1610,2,30,1
1611,32,13,1
1612,23,32,1
1613,1,35,0
1614,36,33,0
1615,28,16,1
1616,27,39,0
1617,34,30,2
1618,44,1,0
1619,4,22,2
1620,39,32,2
1621,33,18,0
1622,23,17,1
1623,47,30,2
1624,13,3,0
1625,40,36,2
1626,50,1,1
1627,38,22,1
1628,20,36,0
1629,41,14,2
1630,49,21,2
1631,46,20,2
1632,4,38,1
1633,38,33,0
1634,50,28,0
1635,19,34,0
1636,44,39,2
1637,41,34,1
1638,17,13,0
1639,10,7,1
1640,34,28,0
1641,20,10,2
1642,13,10,0
1643,38,25,0
1644,43,41,2
1645,48,6,1
1646,1,24,1
1647,15,42,1
1648,26,41,0
1649,38,32,1
1650,40,14,2
1651,22,1,1
1652,37,29,2
1653,5,6,2
1654,19,19,1
1655,49,15,2
1656,0,25,0
1657,12,12,1
1658,7,5,0
1659,26,13,0
1660,13,4,1
1661,40,32,2
1662,15,24,0
1663,11,44,1
1664,3,45,1
1665,45,12,1
1666,17,8,0
1667,22,6,2
1668,5,34,1
1669,42,41,1
1670,28,0,0
1671,41,41,2
1672,37,21,1
1673,32,41,1
1674,37,13,2
1675,27,13,0
1676,9,21,2
1677,49,43,2
1678,27,21,1
1679,3,3,2
1680,41,23,2
1681,2,45,1
1682,28,15,0
1683,0,31,0
1684,33,42,0
1685,28,32,2
1686,27,45,0
1687,10,40,0
1688,9,44,2
1689,2,16,2
1690,16,28,0
1691,39,46,2
1692,6,37,2
1693,22,9,0
1694,30,9,0
1695,42,21,0
1696,12,10,0
1697,41,21,0
1698,21,43,2
1699,27,7,2
1700,21,4,2
1701,39,42,0
1702,7,12,0
1703,2,2,0
1704,48,15,2
1705,40,27,1
1706,11,26,0
1707,4,10,1
1708,37,47,1
1709,9,36,0
1710,22,29,1
1711,15,2,1
1712,49,10,0
1713,21,36,1
1714,23,15,0
1715,35,31,2
1716,46,46,0
1717,5,5,2
1718,27,41,1
1719,2,2,2
1720,15,33,1
1721,48,36,0
1722,9,12,1
1723,8,44,2
1724,45,5,0
1725,7,30,1
1726,30,34,1
1727,40,39,1
1728,13,22,2
1729,0,20,1
1730,19,4,0
1731,47,41,1
1732,14,28,1
1733,3,15,2
1734,17,17,1
1735,45,37,2
1736,37,23,0
1737,48,16,0
1738,20,8,1
1739,11,22,1
1740,25,29,1
1741,7,40,0
1742,36,35,2
1743,36,18,1
1744,9,24,0
1745,13,11,0
1746,17,11,1
1747,28,9,2
1748,3,2,1
1749,36,6,1
1750,0,8,1
1751,21,46,1
1752,14,0,1
1753,20,36,2
1754,4,7,2
1755,41,14,0
1756,3,21,2
1757,42,36,0
1758,46,7,1
1759,8,33,2
1760,31,8,1
1761,15,26,0
1762,7,26,2
1763,28,43,1
1764,31,46,1
1765,40,21,1
1766,38,0,1
1767,50,22,0
1768,0,18,1
1769,50,19,2
1770,43,42,2
1771,36,4,0
1772,47,47,0
1773,16,35,0
1774,30,3,0
1775,10,34,2
1776,36,5,0
1777,47,29,1
1778,47,17,1
1779,22,5,1
1780,34,24,2
1781,18,40,1
1782,44,25,1
1783,17,5,0
1784,30,31,2
1785,26,8,1
1786,2,41,0
1787,8,31,1
1788,25,5,2
1789,37,36,1
1790,41,39,0
1791,48,29,0
1792,21,2,0
1793,28,18,2
1794,46,38,0
1795,3,10,1
1796,38,19,1
1797,1,15,0
1798,25,33,1
1799,42,19,1
1800,27,47,0
1801,24,41,0
1802,17,19,1
1803,43,8,1
1804,42,5,2
1805,19,26,0
1806,12,1,1
1807,5,10,0
1808,14,28,2
1809,44,5,1
1810,30,45,0
1811,12,14,0
1812,6,36,2
1813,13,4,0
1814,35,30,1
1815,30,15,2
1816,49,25,0
1817,8,46,1
1818,15,5,2
1819,15,27,2
1820,35,17,2
1821,13,25,0
1822,15,18,1
1823,43,46,0
1824,39,39,0
1825,4,36,0
1826,48,46,1
1827,34,8,2
1828,30,24,0
1829,46,35,0
1830,38,3,2
1831,50,47,0
1832,49,24,1
1833,6,47,1
1834,12,0,0
1835,26,1,0
1836,7,28,0
1837,3,47,2
1838,50,25,1
1839,46,22,1
1840,12,46,2
1841,9,33,1
1842,34,39,2
1843,17,22,0
1844,43,29,1
1845,3,6,2
1846,2,20,0
1847,43,0,1
1848,20,26,2
1849,6,1,0
1850,16,30,2
1851,21,15,0
1852,47,35,0
1853,15,24,1
1854,10,2,2
1855,25,22,2
1856,13,10,2
1857,33,3,0
1858,26,15,0
1859,9,0,0
1860,26,8,0
1861,27,14,2
1862,21,40,2
1863,44,18,1
1864,50,11,0
1865,50,14,2
1866,29,22,2
1867,25,21,0
1868,41,18,2
1869,29,22,1
1870,45,30,0
1871,26,5,1
1872,31,13,2
1873,2,23,1
1874,12,39,2
1875,8,14,1
1876,11,21,2
1877,3,8,0
1878,28,12,2
1879,39,26,2
1880,44,28,0
1881,32,7,0
1882,46,21,1
1883,18,12,1
1884,33,35,1
1885,1,47,1
1886,18,17,0
1887,33,35,0
1888,27,3,1
1889,34,11,2
1890,0,1,2
1891,4,22,1
1892,35,23,2
1893,37,14,1
1894,13,20,2
1895,17,31,2
1896,13,23,1
1897,9,14,1
1898,30,39,1
1899,48,31,1
1900,43,3,1
1901,22,37,2
1902,13,22,0
1903,35,44,1
1904,30,11,2
1905,13,27,0
1906,15,47,0
1907,40,29,2
1908,33,5,1
1909,17,11,2
1910,18,41,1
1911,26,29,0
1912,46,31,0
1913,27,31,1
1914,21,23,1
1915,28,16,0
1916,3,44,1
1917,0,20,2
1918,9,35,0
1919,38,45,0
1920,4,31,2
1921,46,34,2
1922,8,10,0
1923,7,33,0
1924,21,44,2
1925,39,8,0
1926,8,2,2
1927,44,38,2
1928,18,43,1
1929,49,32,1
1930,33,13,0
1931,39,22,2
1932,31,27,2
1933,25,16,2
1934,14,7,0
1935,43,35,0
1936,46,27,1
1937,43,45,0
1938,16,41,0
1939,6,12,2
1940,27,18,1
1941,15,6,0
1942,35,25,2
1943,2,0,2
1944,5,6,1
1945,1,1,0
1946,9,6,0
1947,14,17,1
1948,11,20,2
1949,40,43,2
1950,37,37,1
1951,49,11,1
1952,20,25,0
1953,9,43,1
1954,32,22,1
1955,5,11,1
1956,27,14,1
1957,6,31,1
1958,39,5,1
1959,17,21,1
1960,37,15,0
1961,49,44,0
1962,0,5,0
1963,18,42,1
1964,16,24,2
1965,7,23,0
1966,29,46,1
1967,38,19,0
1968,29,15,2
1969,29,29,2
1970,9,26,0
1971,24,3,1
1972,47,42,0
1973,10,44,2
1974,6,44,1
1975,25,6,2
1976,21,28,1
1977,2,47,2
1978,15,0,0
1979,19,37,2
1980,9,3,1
1981,26,4,2
1982,34,5,0
1983,29,30,0
1984,24,32,0
1985,38,27,0
1986,43,27,0
1987,5,40,1
1988,19,4,1
1989,5,16,1
1990,36,20,0
1991,10,16,0
1992,7,37,2
1993,48,17,1
1994,12,28,0
1995,13,23,2
1996,30,39,2
1997,48,14,1
1998,47,43,2
1999,40,37,1
2000,0,39,1
2001,34,5,1
2002,18,31,1
2003,15,20,1
2004,42,21,2
2005,9,31,0
2006,50,14,0
2007,20,8,0
2008,34,21,2
2009,33,35,2
2010,2,12,0
2011,19,9,1
2012,31,35,1
2013,25,35,1
2014,7,5,2
2015,8,7,0
2016,17,28,2
2017,45,10,2
2018,8,38,0
2019,13,19,2
2020,28,24,1
2021,40,10,2
2022,8,47,1
2023,41,13,2
2024,35,31,0
2025,16,38,2
2026,7,12,1
2027,3,4,0
2028,3,12,2
2029,45,40,1
2030,42,16,1
2031,20,45,1
2032,41,47,1
2033,31,6,2
2034,15,45,2
2035,26,7,1
2036,9,3,0
2037,50,44,1
2038,41,42,0
2039,22,8,1
2040,27,0,2
2041,17,47,2
2042,2,27,2
2043,4,2,0
2044,34,25,2
2045,22,7,2
2046,18,23,0
2047,37,0,2
2048,22,34,1
2049,2,42,1
2050,26,12,1
2051,26,2,0
2052,34,12,0
2053,30,13,0
2054,37,18,2
2055,32,37,1
2056,16,47,1
2057,17,10,0
2058,15,12,2
2059,12,16,1
2060,37,45,0
2061,13,46,1
2062,20,15,2
2063,30,34,0
2064,32,14,0
2065,20,11,2
2066,40,4,0
2067,23,40,2
2068,7,44,1
2069,38,10,0
2070,16,5,1
2071,25,11,0
2072,11,16,1
2073,40,9,2
2074,30,45,1
2075,36,44,1
2076,11,42,1
2077,13,7,0
2078,2,9,0
2079,40,46,1
2080,22,41,0
2081,3,30,0
2082,24,24,1
2083,38,19,2
2084,37,27,2
2085,0,16,0
2086,10,9,2
2087,35,24,2
2088,1,45,1
2089,46,21,2
2090,48,45,2
2091,27,45,1
2092,31,19,1
2093,17,1,0
2094,40,7,1
2095,12,15,1
2096,12,9,2
2097,6,10,2
2098,34,36,2
2099,25,46,0
2100,9,2,2
2101,49,37,2
2102,3,22,1
2103,39,32,1
2104,6,23,0
2105,39,41,0
2106,36,36,2
2107,12,17,0
2108,5,25,2
2109,40,41,0
2110,44,36,2
2111,37,37,2
2112,46,37,1
2113,40,38,2
2114,2,29,1
2115,26,39,1
2116,1,3,1
2117,26,22,2
2118,11,11,2
2119,36,14,1
2120,36,44,0
2121,20,28,1
2122,49,30,1
2123,26,36,0
2124,14,16,1
2125,11,21,0
2126,21,4,1
2127,21,22,1
2128,35,24,0
2129,0,30,1
2130,6,17,0
2131,29,30,1
2132,9,4,2
2133,6,46,1
2134,0,20,0
2135,4,30,0
2136,37,40,1
2137,25,1,2
2138,30,22,2
2139,5,13,2
2140,4,20,0
2141,7,28,1
2142,20,26,1
2143,4,36,1
2144,11,34,0
2145,35,43,1
2146,11,41,2
2147,17,41,0
2148,30,27,1
2149,5,3,1
2150,18,17,2
2151,8,19,0
2152,14,42,0
2153,18,22,0
2154,13,33,0
2155,34,6,2
2156,29,8,1
2157,27,44,1
2158,21,15,2
2159,5,43,2
2160,36,11,2
2161,35,7,2
2162,21,40,1
2163,32,11,1
2164,14,2,2
2165,2,47,1
2166,0,43,0
2167,45,22,2
2168,32,7,1
2169,25,36,0
2170,23,20,2
2171,49,10,2
2172,0,41,2
2173,14,13,0
2174,26,16,0
2175,13,31,1
2176,32,19,1
2177,30,6,1
2178,39,25,2
2179,44,31,0
2180,2,0,1
2181,35,14,0
2182,46,34,0
2183,9,9,2
2184,5,45,1
2185,15,16,1
2186,43,1,1
2187,21,25,1
2188,23,37,1
2189,19,41,2
2190,48,24,2
2191,31,14,0
2192,30,20,1
2193,35,40,1
2194,13,14,1
2195,23,0,2
2196,12,17,2
2197,35,15,2
2198,16,15,1
2199,47,28,0
2200,5,39,0
2201,15,37,1
2202,16,32,2
2203,6,6,2
2204,13,15,2
2205,20,17,2
2206,28,1,1
2207,42,46,0
2208,43,1,2
2209,42,10,2
2210,16,39,1
2211,32,2,1
2212,26,36,2
2213,26,13,2
2214,28,8,2
2215,38,9,2
2216,15,13,2
2217,26,39,2
2218,21,19,1
2219,21,17,1
2220,4,44,2
2221,48,34,2
2222,2,8,1
2223,25,38,0
2224,48,7,2
2225,4,2,2
2226,3,8,2
2227,14,6,1
2228,18,45,1
2229,43,14,0
2230,18,24,0
2231,26,43,2
2232,27,18,0
2233,3,5,2
2234,21,4,0
2235,50,3,0
2236,23,23,1
2237,7,13,0
2238,5,8,2
2239,36,9,0
2240,36,10,0
2241,47,11,1
2242,33,31,1
2243,23,24,2
2244,30,21,2
2245,50,37,0
2246,21,7,1
2247,15,39,2
2248,40,27,2
2249,46,20,1
2250,35,43,2
2251,17,5,2
2252,40,35,0
2253,3,32,0
2254,39,11,2
2255,50,9,2
2256,11,3,0
2257,2,33,0
2258,19,22,2
2259,15,29,1
2260,38,12,1
2261,5,19,1
2262,4,34,1
2263,7,44,0
2264,3,28,2
2265,4,39,0
2266,11,12,1
2267,18,6,0
2268,16,44,0
2269,28,22,0
2270,31,43,1
2271,4,43,2
2272,19,22,1
2273,27,12,1
2274,40,11,1
2275,14,27,0
2276,50,14,1
2277,4,8,0
2278,42,17,0
2279,26,26,2
2280,47,45,1
2281,10,0,1
2282,15,25,2
2283,18,42,0
2284,47,8,2
2285,30,36,1
2286,24,22,0
2287,43,23,0
2288,18,25,1
2289,24,7,0
2290,1,41,2
2291,6,24,2
2292,19,42,0
2293,10,12,1
2294,19,12,0
2295,12,35,0
2296,46,6,1
2297,9,18,0
2298,2,43,2
2299,11,26,2
2300,24,35,0
2301,44,27,1
2302,36,22,2
2303,35,1,0
2304,11,11,0
2305,23,11,0
2306,33,46,0
2307,23,47,2
2308,4,12,2
2309,35,13,0
2310,30,20,0
2311,25,14,2
2312,19,3,2
2313,35,21,1
2314,12,6,2
2315,49,21,1
2316,9,15,0
2317,34,2,0
2318,31,12,0
2319,38,7,0
2320,21,41,2
2321,36,9,1
2322,36,22,0
2323,6,6,1
2324,6,37,1
2325,43,44,0
2326,32,24,0
2327,37,45,1
2328,42,21,1
2329,10,19,0
2330,45,13,0
2331,21,15,1
2332,6,43,1
2333,5,14,1
2334,27,11,2
2335,37,3,0
2336,44,2,1
2337,36,17,1
2338,9,18,2
2339,6,28,2
2340,19,42,2
2341,35,0,2
2342,1,21,1
2343,16,3,0
2344,32,4,0
2345,28,43,0
2346,49,38,0
2347,2,39,0
2348,12,24,2
2349,39,34,0
2350,17,20,2
2351,25,3,0
2352,4,27,0
2353,27,7,0
2354,23,44,0
2355,40,30,1
2356,22,3,2
2357,42,27,0
2358,40,13,2
2359,20,40,2
2360,15,23,2
2361,10,3,0
2362,23,4,1
2363,22,44,1
2364,17,36,0
2365,50,23,1
2366,29,47,2
2367,1,13,1
2368,22,15,0
2369,30,46,0
2370,37,29,1
2371,31,26,2
2372,31,16,2
2373,18,39,2
2374,10,22,1
2375,29,16,2
2376,50,8,1
2377,12,25,2
2378,30,33,0
2379,7,33,2
2380,37,4,2
2381,48,8,0
2382,45,2,0
2383,42,42,1
2384,5,26,1
2385,3,45,2
2386,31,33,1
2387,39,1,0
2388,5,43,0
2389,31,2,0
2390,25,25,2
2391,42,2,2
2392,14,25,0
2393,5,0,0
2394,14,27,1
2395,44,28,2
2396,9,23,2
2397,4,42,2
2398,19,41,0
2399,34,27,2
2400,47,43,0
2401,36,41,0
2402,33,44,1
2403,11,13,1
2404,31,15,1
2405,27,38,1
2406,39,29,2
2407,25,32,0
2408,36,19,2
2409,44,46,0
2410,49,16,2
2411,35,8,2
2412,21,47,2
2413,1,43,0
2414,16,2,2
2415,43,4,1
2416,12,5,2
2417,49,27,0
2418,20,30,1
2419,48,43,1
2420,17,26,0
2421,18,42,2
2422,17,18,0
2423,20,16,2
2424,29,41,1
2425,8,43,0
2426,17,39,1
2427,2,17,1
2428,47,32,2
2429,7,11,1
2430,10,14,0
2431,20,43,2
2432,8,10,2
2433,40,2,2
2434,19,45,2
2435,13,34,1
2436,0,37,1
2437,25,27,2
2438,8,33,0
2439,37,35,2
2440,15,18,2
2441,24,11,1
2442,45,1,1
2443,16,4,2
2444,41,44,0
2445,28,32,1
2446,42,11,2
2447,17,18,2
2448,17,15,2
2449,19,40,2
2450,43,31,0
2451,40,42,1
2452,1,15,2
2453,1,17,0
2454,15,32,0
2455,11,44,2
2456,45,0,1
2457,22,25,2
2458,16,24,1
2459,42,43,0
2460,1,45,0
2461,29,21,2
2462,43,10,2
2463,43,13,0
2464,6,44,0
2465,38,35,0
2466,5,20,1
2467,44,18,0
2468,11,41,1
2469,41,45,2
2470,8,46,0
2471,6,13,1
2472,6,13,2
2473,18,47,0
2474,30,42,0
2475,34,47,2
2476,34,11,0
2477,4,9,2
2478,17,46,0
2479,6,32,0
2480,50,39,1
2481,4,35,1
2482,44,35,2
2483,2,34,0
2484,26,19,2
2485,22,42,1
2486,1,46,0
2487,29,19,0
2488,35,16,0
2489,24,19,2
2490,24,10,1
2491,8,22,2
2492,19,27,0
2493,6,15,1
2494,23,2,1
2495,11,7,2
2496,16,27,1
2497,45,24,0
2498,32,14,2
2499,24,15,1
2500,1,31,1
2501,33,45,2
2502,27,32,0
2503,34,17,2
2504,21,21,1
2505,16,26,0
2506,17,40,2
2507,31,23,2
2508,4,35,0
2509,21,1,1
2510,42,40,0
2511,18,2,2
2512,21,0,0
2513,3,0,1
2514,13,18,2
2515,50,42,1
2516,12,20,1
2517,9,7,0
2518,28,42,0
2519,16,8,2
2520,50,32,1
2521,43,40,0
2522,48,18,0
2523,45,11,2
2524,3,42,0
2525,3,1,2
2526,7,40,2
2527,30,38,0
2528,19,30,0
2529,10,26,2
2530,5,37,2
2531,18,33,1
2532,28,29,2
2533,22,2,2
2534,31,15,0
2535,42,3,0
2536,27,23,1
2537,26,18,1
2538,44,43,2
2539,29,44,2
2540,28,0,2
2541,44,34,0
2542,35,28,0
2543,25,43,1
2544,13,2,0
2545,28,1,2
2546,39,44,2
2547,44,12,1
2548,23,32,2
2549,27,26,1
2550,25,36,2
2551,38,4,2
2552,18,5,1
2553,50,30,0
2554,46,26,1
2555,26,2,1
2556,4,17,2
2557,0,18,0
2558,45,15,1
2559,23,28,0
2560,10,24,1
2561,50,21,2
2562,18,3,1
2563,1,19,1
2564,41,41,1
2565,35,10,2
2566,46,26,0
2567,34,15,0
2568,25,37,2
2569,41,24,2
2570,29,45,2
2571,22,38,1
2572,42,22,2
2573,31,21,1
2574,34,31,1
2575,17,4,0
2576,42,45,0
2577,45,27,0
2578,23,34,1
2579,1,8,1
2580,0,3,1
2581,16,29,1
2582,17,31,0
2583,38,18,2
2584,16,31,2
2585,50,41,0
2586,25,2,0
2587,1,10,2
2588,36,20,2
2589,42,6,1
2590,2,11,2
2591,34,22,1
2592,37,16,2
2593,50,31,2
2594,40,26,2
2595,14,38,1
2596,22,17,2
2597,3,32,1
2598,26,4,1
2599,17,23,1
2600,20,23,2
2601,21,5,0
2602,13,34,2
2603,30,17,1
2604,32,41,0
2605,27,9,0
2606,5,47,1
2607,32,39,1
2608,33,15,0
2609,35,15,1
2610,10,36,2
2611,47,6,0
2612,1,38,1
2613,7,24,2
2614,24,40,0
2615,5,36,0
2616,11,36,2
2617,3,25,0
2618,16,10,2
2619,44,47,1
2620,8,5,2
2621,14,21,1
2622,1,33,1
2623,4,16,2
2624,25,17,2
2625,13,18,0
2626,1,7,0
2627,48,2,0
2628,27,6,1
2629,49,47,2
2630,43,46,2
2631,3,3,0
2632,28,45,0
2633,19,18,1
2634,28,26,0
2635,19,16,1
2636,0,9,0
2637,32,2,2
2638,44,21,2
2639,14,25,1
2640,47,36,1
2641,28,26,2
2642,48,4,0
2643,39,3,2
2644,26,44,1
2645,33,8,0
2646,25,42,0
2647,16,12,1
2648,31,10,2
2649,19,17,0
2650,26,3,0
2651,48,19,1
2652,14,7,1
2653,8,11,0
2654,50,18,2
2655,36,2,0
2656,21,43,0
2657,35,5,1
2658,28,44,2
2659,40,7,0
2660,13,16,1
2661,47,26,1
2662,11,30,2
2663,33,11,1
2664,15,17,1
2665,1,2,1
2666,47,10,1
2667,20,14,0
2668,44,39,1
2669,37,43,2
2670,13,16,2
2671,8,4,2
2672,23,27,0
2673,33,41,1
2674,1,17,2
2675,0,27,1
2676,39,1,1
2677,15,11,2
2678,39,44,1
2679,32,38,0
2680,24,16,1
2681,0,15,0
2682,7,18,1
2683,45,42,1
2684,36,8,0
2685,48,21,2
2686,38,12,2
2687,5,22,2
2688,41,41,0
2689,26,34,0
2690,26,28,1
2691,33,10,0
2692,9,31,1
2693,29,14,1
2694,30,28,0
2695,8,39,1
2696,3,5,1
2697,12,27,1
2698,35,10,1
2699,40,38,1
2700,36,47,1
2701,40,6,1
2702,18,5,0
2703,13,21,2
2704,14,24,1
2705,40,41,1
2706,12,30,1
2707,39,45,0
2708,47,25,2
2709,19,0,1
2710,7,34,2
2711,14,4,0
2712,41,27,1
2713,45,16,0
2714,26,31,0
2715,16,10,0
2716,43,20,0
2717,9,19,1
2718,8,45,2
2719,13,30,1
2720,11,27,1
2721,36,45,1
2722,15,0,2
2723,25,37,1
2724,37,28,0
2725,48,12,2
2726,2,39,1
2727,10,43,2
2728,48,11,2
2729,44,44,1
2730,8,41,0
2731,9,6,2
2732,27,30,0
2733,42,37,1
2734,13,3,1
2735,7,24,0
2736,38,26,0
2737,21,34,0
2738,38,4,0
2739,12,29,1
2740,30,18,0
2741,42,45,2
2742,48,28,2
2743,17,17,2
2744,17,34,1
2745,50,21,1
2746,27,5,2
2747,6,2,2
2748,9,22,0
2749,36,21,0
2750,39,41,1
2751,43,34,0
2752,2,12,2
2753,43,37,1
2754,34,18,2
2755,25,31,0
2756,2,16,0
2757,2,1,2
2758,3,12,1
2759,18,9,0
2760,2,5,2
2761,44,42,2
2762,1,23,1
2763,14,32,1
2764,50,4,2
2765,34,16,0
2766,47,35,1
2767,13,28,1
2768,38,37,1
2769,47,20,1
2770,32,13,0
2771,15,7,2
2772,27,28,2
2773,29,27,2
2774,31,0,0
2775,13,37,2
2776,7,28,2
2777,38,40,1
2778,28,30,0
2779,7,26,1
2780,0,22,1
2781,25,19,0
2782,30,12,1
2783,17,25,0
2784,9,29,2
2785,15,46,0
2786,27,2,0
2787,1,39,0
2788,15,26,2
2789,9,47,2
2790,5,46,0
2791,8,28,2
2792,8,33,1
2793,14,43,0
2794,3,9,1
2795,21,22,0
2796,15,40,1
2797,28,45,1
2798,16,16,1
2799,6,22,0
2800,36,13,1
2801,23,5,2
2802,12,30,0
2803,50,43,1
2804,39,30,2
2805,18,36,0
2806,49,0,1
2807,43,5,0
2808,37,1,2
2809,42,25,2
2810,49,3,2
2811,40,19,0
2812,28,40,0
2813,31,27,1
2814,15,22,0
2815,42,0,1
2816,22,20,0
2817,33,34,0
2818,38,22,2
2819,2,10,2
2820,0,24,1
2821,33,42,1
2822,41,7,1
2823,50,41,1
2824,49,28,1
2825,14,2,1
2826,16,14,2
2827,50,33,1
2828,44,22,1
2829,14,1,2
2830,47,23,1
2831,41,32,0
2832,16,31,0
2833,35,18,0
2834,5,38,0
2835,45,47,1
2836,18,16,0
2837,22,22,0
2838,24,23,1
2839,19,21,2
2840,31,29,2
2841,47,16,0
2842,14,10,0
2843,22,10,1
2844,49,17,0
2845,45,40,0
2846,28,21,2
2847,36,40,0
2848,8,4,1
2849,38,36,1
2850,27,6,0
2851,19,39,1
2852,37,6,2
2853,29,26,2
2854,6,39,2
2855,36,18,2
2856,18,14,0
2857,35,34,0
2858,39,18,2
2859,2,1,0
2860,1,7,2
2861,22,32,0
2862,20,21,0
2863,22,44,2
2864,1,17,1
2865,31,0,2
2866,43,15,1
2867,9,2,1
2868,22,24,0
2869,30,4,0
2870,1,12,1
2871,33,11,0
2872,9,30,0
2873,20,26,0
2874,29,11,1
2875,7,9,1
2876,42,20,1
2877,36,38,1
2878,50,7,1
2879,30,21,0
2880,27,3,0
2881,31,25,2
2882,29,40,0
2883,15,46,2
2884,39,22,0
2885,4,15,1
2886,37,33,1
2887,12,2,0
2888,26,44,2
2889,13,20,1
2890,32,47,0
2891,2,23,0
2892,0,14,0
2893,26,45,1
2894,47,24,1
2895,36,17,2
2896,48,6,0
2897,2,42,2
2898,50,31,0
2899,28,4,1
2900,48,33,2
2901,19,9,2
2902,34,35,2
2903,5,12,1
2904,12,18,1
2905,37,43,1
2906,21,46,0
2907,15,42,0
2908,18,43,2
2909,34,38,2
2910,48,5,2
2911,40,8,0
2912,4,19,0
2913,32,17,2
2914,11,24,0
2915,32,33,1
2916,26,42,2
2917,10,10,2
2918,11,21,1
2919,35,5,2
2920,47,21,2
2921,37,11,2
2922,3,28,1
2923,32,35,1
2924,10,4,2
2925,33,20,1
2926,24,11,2
2927,36,43,0
2928,33,16,0
2929,26,37,1
2930,20,15,0
2931,13,0,2
2932,40,44,2
2933,19,5,1
2934,26,35,1
2935,49,44,2
2936,38,12,0
2937,20,19,0
2938,4,24,1
2939,24,13,2
2940,4,5,1
2941,15,22,1
2942,9,12,0
2943,38,17,2
2944,46,36,2
2945,4,41,1
2946,40,45,1
2947,2,6,1
2948,21,25,0
2949,24,14,1
2950,46,9,1
2951,14,10,1
2952,37,42,0
2953,11,15,0
2954,18,46,1
2955,40,4,2
2956,29,27,0
2957,21,36,2
2958,11,24,2
2959,19,46,0
2960,37,20,1
2961,5,10,1
2962,25,18,1
2963,41,29,1
2964,35,10,0
2965,2,33,2
2966,10,15,1
2967,22,40,1
2968,0,19,2
2969,3,26,1
2970,29,28,0
2971,50,41,2
2972,36,35,0
2973,35,38,1
2974,21,35,2
2975,13,12,1
2976,16,31,1
2977,7,25,1
2978,36,37,1
2979,8,26,1
2980,17,16,2
2981,29,46,0
2982,10,29,0
2983,27,1,0
2984,25,28,0
2985,18,13,2
2986,32,4,2
2987,19,15,0
2988,33,9,2
2989,23,21,1
2990,44,10,2
2991,35,6,2
2992,7,10,1
2993,37,9,2
2994,48,8,1
2995,10,47,1
2996,24,33,0
2997,19,1,0
2998,47,39,0
2999,37,39,1
3000,1,36,0
3001,38,1,0
3002,50,44,0
3003,3,4,1
3004,36,3,1
3005,45,2,2
3006,14,14,2
3007,34,4,0
3008,24,44,0
3009,16,32,1
3010,26,17,2
3011,4,8,2
3012,13,18,1
3013,12,36,0
3014,4,32,0
3015,30,0,0
3016,50,8,0
3017,10,45,1
3018,11,14,0
3019,8,41,2
3020,18,33,2
3021,49,7,2
3022,23,33,2
3023,16,3,1
3024,24,37,0
3025,12,33,0
3026,13,5,1
3027,8,30,1
3028,13,39,2
3029,1,13,2
3030,49,8,0
3031,4,13,1
3032,29,9,1
3033,9,31,2
3034,23,1,0
3035,2,29,0
3036,49,46,0
3037,12,8,1
3038,44,43,1
3039,26,0,2
3040,13,32,2
3041,15,36,0
3042,12,1,2
3043,24,30,1
3044,3,22,2
3045,15,8,0
3046,11,29,2
3047,32,34,0
3048,16,22,2
3049,9,39,0
3050,9,29,0
3051,33,1,2
3052,12,44,0
3053,12,23,2
3054,38,30,2
3055,49,2,2
3056,7,41,1
3057,24,6,2
3058,17,34,2
3059,9,23,0
3060,23,31,0
3061,28,42,2
3062,21,10,1
3063,50,3,1
3064,34,5,2
3065,15,34,1
3066,39,13,1
3067,43,42,1
3068,8,35,1
3069,21,47,0
3070,35,4,2
3071,44,45,1
3072,38,43,1
3073,36,47,2
3074,24,45,0
3075,34,36,0
3076,39,41,2
3077,26,23,1
3078,46,15,2
3079,40,17,2
3080,30,24,2
3081,3,19,1
3082,22,5,0
3083,16,28,2
3084,39,35,1
3085,33,36,0
3086,16,7,0
