5,1,0.5
6,2,0.5
9,3,0.5
8,4,0.5
5,5,0.5
2,6,1.5
1,7,0.5
4,8,1.0
5,9,0.5
1,10,1.0
3,11,1.0
6,12,0.5
1,13,0.5
1,14,0.5
5,15,1.0
8,16,0.5
7,17,0.5
9,18,0.5
0,19,1.0
0,20,0.5
6,21,0.5
5,22,0.5
3,23,0.5
5,24,1.0
1,25,0.5
7,26,1.0
5,27,1.0
0,28,1.5
0,29,0.5
3,30,0.5
9,31,0.5
5,32,1.0
9,33,0.5
7,34,0.5
9,35,0.5
9,36,0.5
2,37,1.0
4,38,1.0
9,39,0.5
8,40,0.5
0,41,1.0
3,42,0.5
1,43,0.5
8,44,0.5
2,45,1.0
7,46,1.0
1,47,1.0
7,48,0.5
4,49,1.0
1,50,0.5
4,51,1.0
5,52,0.5
2,53,1.0
5,54,0.5
5,55,0.5
9,56,0.5
4,57,1.0
0,58,0.5
9,59,0.5
5,60,0.5
9,61,1.0
5,62,0.5
4,63,1.0
9,64,1.0
9,65,1.0
5,66,0.5
5,67,1.0
9,68,1.0
8,69,0.5
1,70,0.5
6,71,0.5
7,72,1.0
0,73,0.5
2,74,0.5
1,75,0.5
9,76,0.5
6,77,0.5
8,78,0.5
0,79,0.5
6,80,0.5
4,81,1.0
9,82,0.5
0,83,1.0
6,84,1.0
5,85,0.5
6,86,0.5
2,87,0.5
3,88,0.5
5,89,0.5
0,90,0.5
2,91,1.0
1,92,1.0
1,93,0.5
6,94,1.0
4,95,1.0
1,96,1.0
2,97,1.0
7,98,0.5
9,99,0.5
9,100,0.5
5,101,0.5
7,102,0.5
9,103,1.0
8,104,0.5
4,105,1.0
4,106,0.5
8,107,0.5
2,108,0.5
4,109,1.0
9,110,0.5
4,111,1.0
1,112,0.5
1,113,1.0
0,114,0.5
6,115,0.5
6,116,0.5
8,117,0.5
5,118,0.5
3,119,0.5
1,120,1.5
5,121,1.0
4,122,0.5
1,123,1.0
6,124,1.0
2,125,0.5
1,126,1.0
5,127,1.0
7,128,0.5
8,129,1.0
3,130,1.0
4,59,0.5
4,131,0.5
7,132,0.5
1,133,0.5
8,134,0.5
3,135,0.5
8,136,1.0
7,137,0.5
5,138,1.0
0,139,0.5
7,140,0.5
0,141,0.5
3,142,0.5
9,143,0.5
3,144,1.5
4,145,0.5
8,146,0.5
9,147,0.5
3,148,1.0
5,149,0.5
8,150,0.5
4,151,0.5
1,152,1.0
1,153,0.5
0,154,0.5
2,155,1.5
9,156,1.0
8,157,1.0
6,158,1.0
0,159,0.5
5,160,0.5
1,161,1.0
5,162,1.0
6,163,0.5
3,164,1.0
6,165,0.5
2,166,1.0
2,167,1.5
6,168,0.5
6,169,0.5
6,170,0.5
7,171,0.5
7,172,1.0
9,173,0.5
9,174,0.5
9,175,0.5
0,176,1.0
7,177,0.5
8,178,0.5
4,179,0.5
6,180,1.0
8,181,1.0
6,182,0.5
5,183,0.5
9,184,0.5
0,185,0.5
6,186,1.0
1,187,0.5
3,188,0.5
6,189,0.5
1,190,0.5
2,191,0.5
6,192,0.5
0,193,0.5
0,194,0.5
4,195,0.5
5,196,1.0
4,197,0.5
6,198,0.5
7,199,0.5
5,200,0.5
7,201,1.0
2,202,0.5
1,203,1.0
2,204,0.5
9,205,0.5
5,206,1.0
2,207,0.5
1,208,0.5
6,209,0.5
0,210,1.0
5,211,0.5
6,212,0.5
7,213,1.0
1,214,0.5
0,215,1.0
3,179,0.5
8,216,0.5
0,217,0.5
2,218,1.0
9,219,0.5
4,220,0.5
2,221,0.5
9,222,0.5
8,223,1.0
1,224,1.0
3,225,1.5
2,226,0.5
9,227,0.5
2,228,0.5
9,229,1.0
8,230,1.0
0,231,0.5
8,232,0.5
6,233,0.5
6,234,0.5
1,235,0.5
7,236,1.0
7,237,1.0
8,238,0.5
0,239,0.5
1,240,0.5
9,241,1.0
2,242,1.0
3,243,0.5
2,244,0.5
1,245,0.5
5,246,1.0
5,247,1.0
0,248,0.5
0,249,0.5
1,250,1.0
2,251,1.0
5,252,1.0
0,253,1.0
4,254,0.5
1,255,0.5
9,256,0.5
9,257,1.0
4,258,0.5
4,259,0.5
5,260,0.5
9,261,0.5
7,262,1.0
8,263,0.5
2,264,0.5
2,265,0.5
4,266,1.0
2,267,0.5
4,268,1.5
0,269,1.0
0,270,0.5
1,271,0.5
1,272,0.5
0,273,0.5
6,274,0.5
0,275,1.0
5,276,0.5
0,277,1.0
4,278,0.5
9,279,0.5
0,280,1.0
5,281,1.0
9,282,0.5
3,283,1.0
6,284,0.5
0,285,1.0
9,286,0.5
6,287,1.0
6,288,1.0
3,289,1.0
7,290,0.5
4,291,1.0
8,292,0.5
1,293,1.0
6,294,0.5
9,295,1.0
2,296,1.0
2,297,1.0
9,298,0.5
3,299,1.0
3,300,1.5
4,301,1.0
2,302,1.0
3,303,1.0
7,304,0.5
6,305,0.5
1,306,0.5
4,307,1.0
1,308,0.5
1,309,0.5
7,310,1.0
6,311,0.5
9,312,1.0
8,313,0.5
1,69,0.5
6,314,0.5
2,315,0.5
0,316,0.5
8,317,1.0
7,318,1.0
2,319,1.0
2,320,1.0
6,321,0.5
7,322,0.5
0,323,1.0
0,324,0.5
1,5,0.5
4,33,0.5
5,325,1.0
1,326,1.0
6,327,1.0
2,328,0.5
2,329,0.5
4,330,1.0
4,331,0.5
2,332,0.5
3,333,1.0
1,334,0.5
9,335,0.5
0,331,1.0
0,336,0.5
7,337,1.0
4,338,1.0
0,339,1.0
8,340,0.5
0,341,0.5
0,342,1.0
2,343,1.0
4,344,0.5
4,345,0.5
8,346,0.5
2,347,0.5
1,348,1.0
7,349,1.0
5,350,1.0
1,351,0.5
9,352,0.5
8,57,0.5
6,353,0.5
5,354,0.5
4,355,0.5
0,356,0.5
2,357,0.5
8,358,0.5
0,359,0.5
6,360,0.5
0,361,0.5
8,362,0.5
2,363,0.5
9,364,1.0
5,365,1.0
8,366,0.5
3,367,1.0
0,368,0.5
5,369,0.5
5,370,0.5
2,371,0.5
8,372,1.0
5,373,1.0
8,374,0.5
4,257,1.0
3,375,0.5
4,376,0.5
6,377,0.5
2,378,0.5
2,379,0.5
9,380,0.5
6,381,0.5
4,382,0.5
9,383,0.5
7,384,0.5
5,385,1.5
0,386,1.5
6,387,1.0
3,388,0.5
7,389,1.0
0,390,0.5
5,391,1.0
5,392,1.5
6,393,1.5
3,394,1.0
1,395,0.5
9,396,0.5
6,264,1.5
9,397,0.5
2,398,1.0
0,291,0.5
4,399,1.0
3,400,0.5
5,401,0.5
8,402,1.0
4,403,0.5
4,404,0.5
9,405,0.5
5,406,0.5
1,407,0.5
5,408,1.0
3,409,1.0
3,410,0.5
8,411,0.5
0,412,0.5
3,413,0.5
6,414,1.0
2,415,0.5
3,416,0.5
2,417,0.5
8,418,1.0
1,419,0.5
3,420,1.0
5,23,1.0
0,421,1.0
3,422,1.0
4,423,1.0
6,424,0.5
4,425,1.0
0,426,0.5
5,427,0.5
3,428,0.5
3,429,0.5
0,430,0.5
9,431,0.5
9,432,2.0
4,433,0.5
2,434,1.0
4,435,1.0
4,436,0.5
1,437,1.0
2,438,0.5
2,234,1.0
2,439,0.5
5,440,1.0
2,441,1.0
0,442,0.5
4,443,1.0
1,444,0.5
8,445,0.5
3,446,0.5
9,447,0.5
4,448,0.5
3,449,0.5
4,450,0.5
9,451,0.5
7,452,1.0
7,453,1.0
8,454,1.0
5,455,0.5
2,362,1.0
6,456,0.5
3,457,1.0
7,458,0.5
7,459,0.5
8,460,0.5
4,461,0.5
8,462,0.5
9,463,0.5
1,464,0.5
0,465,0.5
4,466,0.5
0,467,1.0
5,468,1.5
4,469,0.5
7,470,0.5
5,471,0.5
2,472,0.5
0,473,0.5
7,295,0.5
4,474,0.5
7,475,0.5
8,476,0.5
6,477,1.0
1,478,0.5
4,479,1.0
6,480,1.0
2,481,0.5
5,482,0.5
4,18,1.0
1,483,1.0
5,484,0.5
5,485,0.5
7,486,0.5
1,487,1.0
3,488,0.5
6,489,0.5
1,490,1.0
8,491,1.0
8,492,0.5
7,493,0.5
5,494,0.5
2,495,0.5
6,210,0.5
5,496,0.5
7,497,1.0
0,498,1.0
4,499,0.5
9,500,1.0
9,501,0.5
8,502,0.5
3,503,1.0
0,504,1.0
5,505,1.0
4,506,0.5
0,507,0.5
5,508,0.5
4,509,0.5
2,510,0.5
4,511,0.5
2,512,0.5
6,513,0.5
1,514,0.5
1,515,0.5
7,516,1.5
7,517,0.5
0,518,1.0
6,519,0.5
7,520,0.5
8,521,0.5
1,522,1.0
3,523,1.0
9,524,0.5
1,525,1.0
7,526,0.5
2,527,0.5
7,528,0.5
0,529,0.5
6,530,0.5
9,531,0.5
1,532,0.5
2,533,0.5
4,534,1.0
2,535,1.0
9,536,0.5
0,537,1.0
5,538,0.5
7,539,0.5
6,540,0.5
3,541,0.5
8,542,0.5
7,472,0.5
8,543,1.0
5,425,1.0
3,544,0.5
0,545,0.5
6,128,0.5
1,546,0.5
2,236,0.5
6,547,0.5
1,548,1.0
2,549,1.0
4,550,0.5
8,551,0.5
2,552,1.0
0,553,1.0
5,554,1.5
1,555,1.0
9,556,0.5
2,35,0.5
1,557,1.0
7,235,1.0
5,558,0.5
2,559,0.5
9,560,1.0
1,354,0.5
8,561,1.0
0,562,1.0
6,354,1.0
7,563,0.5
0,564,0.5
2,565,1.0
2,566,1.0
2,567,1.0
7,568,0.5
5,569,0.5
2,570,1.0
9,571,1.0
9,572,0.5
4,573,0.5
7,574,1.0
1,575,1.0
6,576,1.0
2,577,1.0
5,578,1.0
2,579,0.5
4,580,1.0
2,581,0.5
0,582,1.0
2,583,0.5
8,584,0.5
4,225,1.0
1,585,1.0
7,586,0.5
2,587,1.0
4,519,0.5
9,588,1.0
9,589,0.5
1,590,1.0
3,591,1.0
8,592,0.5
1,390,0.5
9,593,0.5
1,594,0.5
5,595,0.5
9,596,0.5
9,597,0.5
3,598,0.5
8,599,1.0
3,600,0.5
9,601,1.0
9,378,0.5
8,602,0.5
7,603,0.5
0,604,0.5
2,605,1.0
7,606,0.5
6,607,0.5
4,608,1.0
4,609,0.5
0,610,0.5
9,611,1.0
8,612,0.5
1,613,1.0
1,614,0.5
5,615,0.5
5,616,0.5
7,617,0.5
0,618,1.0
3,619,1.0
7,620,0.5
6,621,0.5
4,622,1.0
1,623,1.0
5,624,0.5
2,625,0.5
4,626,0.5
9,627,0.5
3,628,0.5
8,629,1.0
7,630,1.0
7,200,0.5
0,631,1.0
1,632,1.0
3,633,1.0
1,634,0.5
7,635,0.5
6,636,0.5
7,637,1.0
1,638,0.5
6,639,0.5
2,640,1.0
3,641,0.5
9,125,0.5
9,642,0.5
9,643,0.5
6,644,1.0
7,645,0.5
4,646,0.5
2,647,0.5
4,648,0.5
7,649,0.5
8,650,1.0
2,651,0.5
5,652,0.5
1,653,1.0
5,654,0.5
2,655,1.0
9,656,0.5
2,657,0.5
5,658,0.5
5,58,0.5
5,659,0.5
8,660,1.0
9,661,1.0
0,355,1.0
6,662,0.5
1,663,0.5
3,664,0.5
7,665,0.5
5,666,0.5
9,667,0.5
9,668,1.0
7,669,1.0
5,670,0.5
3,671,0.5
8,672,0.5
3,673,1.0
2,674,1.0
9,675,0.5
7,676,0.5
2,677,0.5
4,678,1.0
5,679,0.5
9,680,0.5
6,681,1.0
2,682,0.5
8,683,1.0
7,684,0.5
6,685,0.5
7,686,0.5
8,687,0.5
0,688,0.5
0,689,1.0
2,690,0.5
4,691,0.5
2,692,0.5
8,693,1.0
0,694,1.0
9,695,0.5
7,696,0.5
9,697,1.0
1,698,1.0
5,699,1.0
3,700,1.0
8,701,0.5
1,702,0.5
8,703,0.5
6,704,1.0
1,705,1.0
5,706,0.5
9,430,0.5
4,707,1.0
3,708,0.5
2,670,0.5
2,709,0.5
5,710,0.5
8,711,0.5
4,712,0.5
8,713,0.5
4,714,0.5
9,715,0.5
7,716,0.5
0,717,0.5
2,718,1.0
1,719,0.5
2,720,0.5
5,721,0.5
3,722,1.0
2,257,0.5
0,723,1.0
2,724,1.0
8,725,0.5
9,212,1.0
2,726,0.5
1,727,0.5
6,728,1.0
8,729,1.0
5,106,1.5
8,730,1.0
3,731,0.5
6,732,1.0
9,733,0.5
9,734,1.0
8,735,1.0
8,736,1.0
0,737,0.5
2,738,0.5
3,739,1.0
3,740,0.5
8,741,2.0
2,742,0.5
6,743,0.5
4,721,0.5
5,744,1.0
0,745,0.5
4,746,0.5
0,4,0.5
1,747,1.0
8,748,0.5
5,749,0.5
9,750,0.5
1,738,0.5
3,751,0.5
9,752,0.5
5,753,0.5
0,754,1.0
1,755,0.5
3,505,0.5
0,756,0.5
3,757,0.5
3,758,1.0
5,759,0.5
0,760,0.5
2,761,0.5
8,762,0.5
1,763,0.5
2,764,0.5
7,765,0.5
1,766,1.5
5,767,0.5
6,768,0.5
9,632,1.0
7,769,1.0
9,770,1.0
3,771,0.5
9,772,0.5
5,773,0.5
2,774,1.0
1,775,0.5
0,776,1.0
0,777,0.5
1,778,0.5
6,779,1.0
3,780,0.5
5,768,0.5
3,781,0.5
7,782,1.5
9,783,0.5
2,784,1.0
8,785,0.5
4,786,1.0
9,787,0.5
6,788,0.5
7,789,0.5
7,790,0.5
5,603,1.0
7,791,0.5
8,792,0.5
0,93,1.0
6,793,0.5
9,794,1.0
5,795,1.0
6,796,1.0
5,797,1.0
2,798,1.0
7,799,0.5
8,800,0.5
8,801,0.5
0,802,0.5
4,803,0.5
2,804,1.0
5,805,0.5
0,242,0.5
5,806,0.5
0,807,0.5
5,808,0.5
4,809,1.0
6,810,0.5
8,811,0.5
9,812,0.5
4,813,0.5
5,814,1.0
6,815,0.5
0,816,0.5
0,817,0.5
2,818,0.5
1,819,0.5
7,820,0.5
4,821,0.5
6,822,0.5
8,823,0.5
7,824,0.5
9,825,0.5
5,826,0.5
6,827,0.5
7,828,0.5
5,829,1.0
5,564,0.5
0,830,1.0
5,831,0.5
0,832,0.5
5,833,0.5
9,834,0.5
0,835,0.5
7,836,0.5
7,837,1.0
4,838,0.5
8,839,0.5
3,840,0.5
4,841,0.5
8,842,0.5
8,843,0.5
4,844,0.5
4,845,0.5
9,846,0.5
2,847,1.0
4,848,1.0
3,849,1.5
6,850,1.0
2,851,0.5
7,852,1.0
7,853,1.0
1,854,1.0
9,855,0.5
0,856,0.5
8,857,1.0
4,858,1.0
0,603,0.5
8,859,1.0
0,304,1.0
7,860,1.0
1,861,0.5
4,862,0.5
9,863,0.5
0,864,0.5
0,865,1.0
1,866,1.0
3,233,1.0
3,867,0.5
9,868,0.5
3,4,1.0
7,869,0.5
9,870,1.0
8,871,0.5
8,872,1.0
3,873,1.0
8,874,0.5
6,875,0.5
7,876,0.5
2,877,0.5
5,878,0.5
8,879,0.5
1,880,1.5
7,881,1.0
5,882,0.5
9,883,1.0
5,884,0.5
7,885,0.5
9,886,1.0
1,494,0.5
6,887,0.5
5,888,0.5
1,889,1.0
5,890,0.5
6,891,0.5
1,892,0.5
2,402,0.5
5,893,1.0
2,894,0.5
8,895,0.5
9,896,0.5
5,897,1.0
0,364,0.5
3,898,1.0
7,784,0.5
8,899,0.5
3,900,1.0
6,901,0.5
0,902,1.0
2,886,0.5
7,903,0.5
8,904,1.0
2,905,0.5
6,906,0.5
9,907,1.0
8,908,0.5
2,909,0.5
7,910,0.5
8,911,0.5
7,912,0.5
2,913,0.5
7,176,0.5
8,528,1.0
2,914,0.5
5,915,0.5
0,800,0.5
2,916,0.5
6,917,0.5
6,918,0.5
0,919,0.5
4,920,0.5
5,921,1.0
6,922,0.5
1,923,1.0
7,924,0.5
4,925,0.5
1,926,0.5
9,927,0.5
1,928,0.5
0,929,0.5
8,901,0.5
1,930,1.0
4,931,1.0
2,932,0.5
6,933,0.5
5,934,0.5
2,61,0.5
9,935,1.0
7,936,0.5
7,937,2.0
4,938,1.0
4,939,0.5
7,940,0.5
2,941,0.5
7,942,0.5
2,943,1.0
1,944,1.5
0,945,1.0
0,946,0.5
3,947,1.0
7,948,0.5
7,949,1.0
7,950,0.5
8,951,0.5
1,952,1.0
1,953,1.0
1,954,0.5
9,955,0.5
3,956,0.5
1,476,0.5
5,957,0.5
8,958,1.0
9,959,1.0
1,960,0.5
2,594,0.5
0,384,0.5
6,961,0.5
0,962,1.0
2,361,1.0
0,955,2.0
8,963,0.5
9,964,1.0
2,965,1.0
7,445,1.0
9,343,1.0
1,966,1.0
2,967,0.5
9,968,0.5
5,729,2.0
6,969,0.5
9,176,0.5
3,454,1.0
6,970,1.0
0,814,0.5
3,971,0.5
9,972,0.5
3,363,0.5
4,973,0.5
0,974,0.5
3,975,0.5
8,976,1.0
2,977,0.5
9,978,0.5
4,979,0.5
6,980,1.0
3,981,1.0
2,964,0.5
4,982,0.5
2,983,0.5
2,984,0.5
5,985,1.0
7,986,0.5
8,987,0.5
2,51,0.5
9,988,0.5
5,989,1.0
2,990,0.5
2,991,0.5
3,992,1.0
5,993,0.5
1,994,0.5
9,995,0.5
1,996,1.0
8,997,1.0
5,998,0.5
4,999,0.5
7,1000,0.5
6,1001,0.5
4,1002,1.0
5,1003,2.0
9,1004,1.0
7,1005,1.0
4,1006,0.5
2,1007,1.0
0,118,0.5
0,1008,0.5
4,1009,1.0
4,1010,0.5
6,1011,0.5
6,1012,1.0
7,1013,0.5
8,1014,1.0
5,1015,1.0
9,469,0.5
1,1016,1.0
6,1017,0.5
3,919,0.5
1,1018,0.5
8,54,1.0
0,1019,1.0
0,1020,0.5
5,1021,0.5
4,1022,0.5
5,1023,0.5
0,1024,1.0
8,1025,1.0
3,1026,0.5
6,1027,0.5
2,1028,1.0
3,1029,0.5
4,1030,0.5
0,1031,0.5
5,1032,1.0
0,1033,0.5
8,1034,0.5
0,1035,1.0
1,1036,1.0
2,255,0.5
3,1037,0.5
0,1038,1.0
9,1039,1.0
2,1040,1.5
8,1041,0.5
2,1042,1.0
6,1043,0.5
8,1044,1.0
2,1045,0.5
5,1046,0.5
6,1047,0.5
1,964,0.5
3,1048,0.5
0,1049,0.5
5,1050,0.5
7,1051,0.5
1,1052,0.5
8,1053,1.0
5,1054,0.5
7,1055,0.5
0,116,0.5
3,1056,0.5
6,1057,1.0
0,1058,0.5
6,1059,1.0
0,1060,0.5
6,1061,0.5
1,1062,0.5
9,1063,0.5
6,1064,0.5
0,1065,0.5
3,1066,0.5
7,913,0.5
4,1067,0.5
2,1068,0.5
8,1069,1.0
1,1070,0.5
0,1071,0.5
0,1072,1.0
5,1073,0.5
4,1074,0.5
2,1075,0.5
6,803,0.5
6,30,0.5
4,1076,0.5
4,1077,0.5
2,1078,1.0
5,1079,0.5
8,1080,0.5
5,1081,1.0
4,1082,0.5
8,1083,0.5
7,1084,0.5
7,392,0.5
8,1085,0.5
4,1086,0.5
8,1087,1.0
5,1088,0.5
9,1089,0.5
7,1090,1.0
4,1091,0.5
1,1092,0.5
5,1093,0.5
3,1094,0.5
6,1095,0.5
9,1096,0.5
7,229,0.5
8,1097,0.5
5,1098,1.0
1,1099,0.5
9,1100,2.0
1,1101,1.0
5,1102,0.5
5,1103,0.5
6,823,1.0
0,1104,0.5
0,1105,1.5
5,1106,1.0
6,419,0.5
3,1107,1.0
2,1108,0.5
3,494,0.5
7,247,0.5
6,1109,1.0
4,1110,1.0
6,1111,1.0
8,1112,0.5
3,1113,0.5
2,1114,1.0
0,1115,1.0
7,1116,0.5
5,1117,0.5
9,1118,0.5
2,1119,1.0
6,1120,0.5
1,1121,0.5
5,1122,1.0
6,1123,0.5
7,1124,0.5
7,76,0.5
5,1125,1.0
4,1126,0.5
5,1127,0.5
4,1128,1.0
8,1129,0.5
5,1130,0.5
3,1131,0.5
3,1132,1.0
5,1133,0.5
4,1134,0.5
1,1135,0.5
0,1136,0.5
7,1137,0.5
6,1138,1.0
0,1139,1.0
7,1140,1.0
1,134,0.5
4,1141,0.5
9,1142,0.5
5,1143,0.5
7,1144,1.0
3,63,0.5
8,370,1.0
9,1145,0.5
2,1146,0.5
0,1147,1.0
4,1148,1.0
0,1149,1.0
3,1150,1.0
6,238,0.5
1,1151,0.5
8,1152,1.0
4,1153,0.5
7,1154,0.5
4,1155,1.0
5,1156,1.0
3,1157,1.0
1,1158,0.5
1,1159,0.5
8,108,0.5
1,1160,1.0
2,1161,0.5
7,1162,0.5
0,1163,0.5
7,1164,1.0
0,1165,0.5
0,1166,1.0
1,1167,0.5
7,1168,1.0
6,1169,0.5
2,1170,1.0
6,1171,1.0
7,1172,0.5
7,719,1.0
2,850,0.5
1,1173,1.0
4,1174,1.0
1,1175,1.0
0,1176,0.5
0,1009,1.0
7,921,0.5
9,1177,0.5
3,1178,0.5
6,1179,0.5
7,1180,0.5
9,1181,0.5
8,1182,1.0
3,137,1.0
4,1183,0.5
6,1184,0.5
5,1185,0.5
0,1186,0.5
4,1187,0.5
9,1188,1.0
4,1189,0.5
6,1190,1.0
1,1191,1.0
5,1192,2.0
1,1193,0.5
2,1194,1.0
0,1195,0.5
5,1196,1.0
5,1197,0.5
7,1198,0.5
5,1199,0.5
3,1200,1.0
9,1201,0.5
8,1202,0.5
8,1054,0.5
9,116,0.5
8,1203,1.0
6,1204,0.5
5,1205,0.5
9,1206,1.0
0,1207,0.5
5,1208,1.0
8,1209,1.0
8,1210,0.5
0,254,1.0
0,1211,0.5
8,1212,1.0
8,1213,0.5
3,769,1.0
9,1214,0.5
2,1215,1.0
3,1216,0.5
1,1217,1.0
2,1218,1.0
8,1219,0.5
6,1220,0.5
3,1221,0.5
2,1222,0.5
9,1223,0.5
9,1224,0.5
6,1225,1.0
6,1226,0.5
3,1227,0.5
5,1228,0.5
9,1229,0.5
8,1230,0.5
3,1231,0.5
5,1232,1.0
8,1233,0.5
2,1234,0.5
1,1235,1.0
7,1236,1.0
6,1237,0.5
0,612,0.5
0,1238,0.5
5,606,0.5
0,1239,0.5
5,1240,0.5
7,679,0.5
4,1241,0.5
5,1242,1.0
5,157,1.0
7,1243,1.0
3,1244,0.5
2,92,1.0
1,1245,1.0
1,1246,0.5
5,1247,0.5
0,1248,0.5
0,1249,1.0
9,1250,0.5
3,1251,1.0
0,1252,0.5
1,486,1.0
9,1129,0.5
5,1253,0.5
4,1254,0.5
4,1255,0.5
4,1256,0.5
4,717,0.5
3,1257,1.0
3,1258,1.0
7,1195,0.5
9,1259,0.5
2,1260,0.5
8,1261,0.5
7,1262,0.5
1,1118,1.0
3,1263,0.5
6,1264,0.5
3,1265,0.5
4,633,0.5
2,1266,1.0
3,842,1.0
2,797,0.5
1,1267,0.5
5,1268,1.0
6,1269,1.0
3,1270,0.5
0,1271,0.5
9,1272,0.5
4,1273,0.5
2,1274,0.5
7,1275,1.0
7,1276,1.0
5,99,0.5
3,1277,0.5
0,1278,0.5
8,1279,1.0
7,1280,0.5
6,1281,0.5
1,1282,0.5
7,1283,1.0
9,1284,0.5
4,1285,0.5
2,1286,0.5
8,1287,1.0
4,1288,0.5
2,1289,0.5
7,1290,0.5
0,1291,0.5
6,1292,0.5
2,1293,1.0
3,1294,0.5
9,891,0.5
6,1295,0.5
8,1296,1.0
6,1297,0.5
3,396,1.0
6,1298,1.0
7,1299,0.5
3,1300,0.5
5,1301,1.0
3,1291,0.5
6,1302,1.0
7,481,0.5
7,1303,0.5
8,1304,0.5
2,1305,1.0
4,1306,1.0
2,1307,0.5
8,1308,1.0
5,1309,1.0
1,1310,1.0
9,1311,1.0
1,1312,1.0
2,1313,0.5
9,1314,1.0
2,1315,0.5
5,1316,0.5
3,1317,0.5
4,1318,1.0
9,1319,0.5
9,1320,1.0
2,1321,0.5
9,1257,1.0
9,1322,0.5
4,1323,1.0
8,1324,0.5
0,1325,1.0
5,1326,0.5
0,1327,1.0
8,156,0.5
2,1328,0.5
1,1329,0.5
8,1330,0.5
4,1331,0.5
2,1332,0.5
9,1333,0.5
6,1334,0.5
4,1335,0.5
5,555,0.5
2,1336,0.5
2,1337,0.5
9,1338,0.5
2,1339,0.5
2,1340,0.5
7,1341,1.0
5,866,1.0
1,1342,0.5
2,1343,0.5
6,1344,0.5
5,1345,1.0
1,1346,0.5
4,1347,0.5
9,1348,0.5
5,1349,1.0
1,1350,1.0
3,268,1.0
5,1351,1.0
4,1352,0.5
2,299,1.0
1,1353,1.0
2,119,1.0
0,513,0.5
2,1354,0.5
2,1355,1.0
2,1356,0.5
0,1357,1.0
4,1358,0.5
1,1359,1.0
8,1360,1.0
2,1361,1.5
8,1362,0.5
0,1363,0.5
5,474,0.5
5,1364,1.0
0,1365,0.5
0,747,1.0
7,1065,1.0
7,1366,0.5
5,1367,0.5
0,1368,1.0
2,1369,0.5
8,1370,0.5
4,1371,0.5
7,1372,1.0
0,1373,0.5
8,557,1.5
2,1374,0.5
3,166,0.5
8,1375,1.0
4,188,0.5
7,1376,1.0
0,1377,1.0
5,1378,0.5
0,1379,0.5
1,1380,1.0
2,1381,0.5
2,1382,1.0
4,1383,0.5
0,1384,0.5
8,1385,1.0
4,1386,0.5
2,1387,0.5
4,1130,1.0
4,1388,1.0
3,194,1.0
2,1389,1.0
2,1390,0.5
0,672,0.5
5,1391,0.5
1,1392,1.0
3,1393,0.5
3,1394,1.0
0,1395,1.0
5,1396,0.5
7,1397,1.0
2,1398,0.5
7,1399,0.5
1,1400,2.0
2,831,0.5
3,1401,0.5
7,1402,0.5
4,1403,1.0
0,1404,0.5
6,1405,1.0
5,1406,0.5
8,1407,0.5
3,1408,0.5
4,1409,0.5
3,1410,1.0
0,1411,1.0
3,1412,0.5
5,1413,0.5
7,1414,0.5
1,1415,0.5
8,1416,1.0
6,1417,1.0
7,1418,0.5
2,1419,1.0
8,1335,0.5
1,1420,0.5
9,1421,1.0
4,1422,0.5
3,1423,0.5
4,1424,0.5
7,1425,0.5
4,1426,1.0
1,1427,0.5
9,1428,1.0
0,1429,0.5
1,1430,1.0
8,1431,0.5
3,1432,0.5
0,1433,0.5
3,1434,0.5
5,1435,1.0
9,1436,0.5
0,1437,0.5
7,542,0.5
7,1438,1.0
8,1439,0.5
7,1440,0.5
3,1441,0.5
1,1442,1.0
6,1443,0.5
3,1444,0.5
9,1445,0.5
0,1446,0.5
3,1447,0.5
8,1448,1.0
3,1449,0.5
3,1450,1.0
1,1451,1.5
1,1452,0.5
3,1453,1.0
7,1454,0.5
4,1455,0.5
2,1456,0.5
6,1457,1.0
9,1458,0.5
9,1459,0.5
1,772,1.0
8,1251,1.0
7,1460,0.5
7,1461,0.5
7,1462,1.0
6,197,0.5
4,1463,0.5
3,1464,1.0
8,1465,1.0
9,1466,0.5
5,791,1.0
0,1467,0.5
2,143,0.5
0,1468,1.0
0,1469,1.0
6,842,0.5
4,1470,0.5
8,482,0.5
7,1471,1.0
1,1472,1.0
3,1473,1.0
0,1474,1.0
4,350,1.0
6,1475,0.5
3,1476,1.0
6,1477,0.5
6,1478,1.0
1,1479,1.0
1,1480,0.5
5,1481,0.5
9,1482,1.0
8,81,0.5
3,360,1.0
2,1483,0.5
1,1484,1.0
6,1485,0.5
4,66,0.5
6,1342,1.0
7,1486,1.0
9,1487,0.5
0,1488,0.5
1,1489,0.5
1,1298,1.0
9,1490,0.5
1,1491,0.5
5,1492,1.0
9,1493,0.5
1,1231,0.5
5,1494,1.0
7,1495,0.5
1,1496,0.5
9,192,0.5
2,1450,0.5
0,1497,0.5
2,1498,1.0
1,1499,0.5
1,1243,0.5
6,1500,0.5
1,1501,0.5
1,1502,0.5
1,1503,1.0
2,1504,1.0
8,1505,0.5
2,1506,0.5
1,1278,0.5
1,1507,1.0
8,1508,0.5
2,1509,1.0
9,1510,0.5
9,1511,1.0
4,1512,1.0
7,1452,1.0
7,1513,0.5
7,1514,1.0
8,1515,0.5
8,1516,0.5
3,1517,0.5
7,1518,1.0
6,1519,1.0
7,1520,1.0
1,645,1.0
5,1521,0.5
0,1522,1.0
4,490,1.0
1,1523,1.0
1,1524,0.5
1,391,1.5
1,1525,1.0
3,1526,1.0
9,1527,1.0
0,1528,0.5
1,1242,0.5
8,357,1.0
6,1529,1.0
2,1530,0.5
3,1531,0.5
1,1532,1.0
8,1022,1.0
2,1533,0.5
7,1534,0.5
7,1535,0.5
2,1141,0.5
0,1536,1.0
0,1537,0.5
4,1538,0.5
0,1539,1.0
5,1540,0.5
5,1541,1.0
0,1542,0.5
5,1543,0.5
8,1544,1.0
9,429,0.5
4,289,0.5
1,1545,1.0
9,1546,0.5
4,1547,0.5
0,1548,0.5
9,1549,0.5
8,1550,1.0
5,1551,0.5
6,1552,1.0
3,1553,0.5
4,1554,1.0
5,1555,1.0
7,1556,0.5
8,1557,0.5
0,1558,0.5
6,1559,0.5
2,560,0.5
8,1560,0.5
0,1561,0.5
0,1562,0.5
2,1563,1.0
0,1564,1.0
1,1565,0.5
0,1566,1.0
2,1567,0.5
2,1568,0.5
7,1569,0.5
6,1570,1.0
3,1571,0.5
1,1572,0.5
4,1506,1.0
5,1573,0.5
5,1574,0.5
4,1575,1.0
2,1576,0.5
9,1577,0.5
3,1578,1.0
1,1579,1.0
7,1580,1.0
4,1581,1.0
5,1249,1.0
8,1582,0.5
2,1583,1.0
8,1584,0.5
8,1585,0.5
0,1586,1.0
2,1587,0.5
8,1588,1.0
9,1589,0.5
8,844,0.5
5,1590,1.0
8,1591,1.0
5,1592,0.5
2,1250,0.5
5,1593,1.0
7,1594,1.0
5,1595,0.5
1,1596,0.5
2,1597,0.5
6,1598,1.0
8,1599,1.0
8,1600,0.5
4,1601,0.5
8,1602,0.5
2,1603,1.0
7,1604,1.0
8,1605,0.5
3,957,0.5
7,1606,0.5
2,1607,0.5
5,1608,1.0
2,1609,0.5
2,1610,1.0
4,1611,1.0
4,1612,0.5
0,1613,0.5
5,1614,0.5
8,1615,0.5
4,1616,0.5
4,1617,0.5
1,1618,0.5
1,1619,0.5
4,98,1.0
6,1620,0.5
5,956,1.0
4,1621,0.5
0,1622,0.5
8,66,0.5
6,1623,0.5
9,1624,1.0
1,1625,1.0
1,1564,1.0
9,1626,0.5
7,1466,0.5
9,355,0.5
9,1627,0.5
2,1628,0.5
3,1629,0.5
2,1630,0.5
2,1631,1.0
4,1632,0.5
6,1493,1.0
4,1633,1.5
8,1634,0.5
4,1635,1.0
6,1636,0.5
4,1637,0.5
9,1638,1.0
3,658,0.5
6,1639,0.5
4,1640,0.5
8,1641,0.5
2,308,0.5
3,1642,0.5
5,1643,1.0
1,1644,0.5
1,1645,1.0
5,1646,1.0
9,1647,1.0
3,1648,1.0
5,1649,1.0
6,1650,0.5
0,1651,1.0
9,1652,1.0
4,1653,1.0
0,1654,0.5
8,1655,1.0
7,1656,1.0
4,1657,0.5
0,1658,0.5
2,1659,0.5
6,1660,0.5
8,1661,1.0
0,1662,1.0
5,1663,1.0
2,1664,0.5
1,1611,1.0
3,1665,1.0
5,1666,0.5
4,988,0.5
7,925,1.0
6,1667,0.5
5,1668,1.0
5,1669,0.5
2,1670,0.5
1,1671,0.5
1,1256,0.5
0,1672,0.5
3,1673,0.5
2,1674,0.5
0,1424,0.5
6,1675,0.5
0,1676,0.5
6,1677,0.5
6,1678,1.5
5,1679,1.0
2,1680,1.0
2,1681,0.5
4,1682,0.5
8,364,1.0
6,1638,1.0
7,1683,0.5
0,1684,0.5
2,1685,1.0
4,1686,0.5
2,1687,0.5
0,1688,0.5
8,1689,0.5
3,1690,1.0
2,1691,0.5
0,1692,0.5
0,1693,1.0
7,1694,1.5
9,1695,1.0
6,1696,1.0
7,1697,0.5
5,518,0.5
2,1698,1.0
6,1699,0.5
5,1633,0.5
8,1700,0.5
3,1701,1.0
8,102,0.5
9,1702,1.0
0,1703,0.5
7,1704,0.5
3,1705,1.0
7,1706,0.5
6,1707,0.5
5,1708,1.0
0,1709,0.5
1,1679,0.5
2,127,0.5
1,1710,0.5
4,1711,1.0
9,1712,1.0
5,1713,0.5
1,174,0.5
2,140,1.0
4,302,0.5
0,1714,0.5
1,1715,0.5
6,600,0.5
5,1716,1.0
0,1335,0.5
1,1717,0.5
5,1718,0.5
8,1719,0.5
8,1720,0.5
5,1721,0.5
5,1722,1.0
1,1500,0.5
2,1723,0.5
0,1724,0.5
6,1725,0.5
8,968,0.5
5,1726,0.5
9,1727,0.5
5,1728,0.5
5,1729,0.5
0,1524,1.0
6,395,0.5
2,1730,1.0
7,642,0.5
1,762,0.5
2,1731,0.5
1,1732,0.5
6,1733,0.5
4,1734,1.0
1,1735,0.5
5,996,0.5
0,157,1.0
8,1736,0.5
8,1737,0.5
6,253,0.5
9,1738,1.0
6,1739,1.0
9,90,1.0
7,1740,0.5
1,1741,1.0
5,1742,1.0
2,1743,0.5
9,136,0.5
5,1474,0.5
9,979,0.5
3,1744,1.0
5,1745,0.5
2,919,1.0
3,1746,0.5
1,1747,0.5
2,330,0.5
6,1107,0.5
9,1748,0.5
1,1749,0.5
2,1750,1.0
5,1751,0.5
9,1572,0.5
2,1752,0.5
2,1753,0.5
4,1754,0.5
3,1755,0.5
0,1756,1.0
3,1757,1.0
7,1758,0.5
8,1759,0.5
7,1760,1.5
0,683,0.5
3,1761,0.5
1,1325,1.0
2,1762,0.5
8,1763,0.5
8,1764,0.5
4,1765,0.5
2,1766,0.5
6,1767,1.0
4,635,1.0
3,1768,1.0
5,1769,1.0
9,1770,0.5
8,1771,0.5
2,1772,0.5
6,1773,1.0
8,1774,1.0
7,1775,0.5
9,1776,0.5
0,1777,1.0
6,1778,1.0
4,1779,1.0
8,1780,1.0
9,810,0.5
6,1781,0.5
8,1782,1.0
9,1433,0.5
5,1783,1.0
5,1784,1.0
3,1626,1.0
3,1785,0.5
6,1786,0.5
7,1787,0.5
7,1788,0.5
9,1047,1.0
3,1789,0.5
6,1790,1.0
5,232,0.5
1,26,1.0
6,1791,0.5
4,1792,1.0
6,1793,0.5
6,1794,0.5
2,1795,1.0
7,1796,1.0
8,1797,1.0
4,1798,0.5
3,869,0.5
8,1799,0.5
3,1800,1.0
6,1801,0.5
9,1802,1.0
9,1803,0.5
2,1804,0.5
6,543,1.0
4,1805,0.5
3,1806,0.5
7,1807,0.5
7,674,1.0
2,1808,0.5
9,1809,0.5
9,1810,0.5
4,1811,0.5
9,1812,0.5
5,1813,0.5
6,1814,0.5
7,1815,1.0
2,201,0.5
3,1816,0.5
0,1817,0.5
4,1818,0.5
3,1819,0.5
5,1475,0.5
9,1820,0.5
6,172,1.0
3,1821,0.5
1,1822,0.5
3,1823,1.0
6,1192,0.5
2,1824,1.0
0,1825,0.5
7,1826,0.5
2,1827,0.5
2,1828,0.5
2,1829,0.5
7,1830,0.5
1,1831,1.0
6,1832,0.5
6,1833,1.0
8,1834,1.0
7,1457,0.5
4,671,1.0
3,1835,1.0
6,858,0.5
9,1836,1.0
3,1837,0.5
5,1838,0.5
2,1839,1.0
6,1840,0.5
4,1841,1.0
2,1842,1.0
6,1843,1.0
7,1844,0.5
0,1845,0.5
2,1846,0.5
4,1847,1.0
0,1848,0.5
3,1849,0.5
3,1670,0.5
3,1850,1.5
5,1382,0.5
9,1382,0.5
5,1851,1.0
8,1852,2.0
3,1853,0.5
3,1854,0.5
6,221,0.5
6,1189,1.0
0,1855,0.5
2,1856,1.0
5,1771,0.5
2,1857,0.5
5,1858,1.5
9,1160,0.5
2,1859,1.0
5,1860,0.5
7,1861,0.5
4,991,1.0
9,1862,0.5
7,1863,0.5
5,1847,1.0
8,1864,0.5
5,1221,0.5
5,1865,0.5
8,1866,0.5
3,1867,1.0
3,1868,0.5
1,1238,0.5
2,1869,0.5
2,1870,1.0
3,1871,0.5
1,1872,0.5
4,705,0.5
7,1873,0.5
6,1874,0.5
9,1875,0.5
5,1876,0.5
3,1877,0.5
0,1878,1.0
3,1879,0.5
5,1880,0.5
6,1881,1.5
6,1882,0.5
5,1883,1.0
7,1884,0.5
1,1885,0.5
2,1886,0.5
2,1887,0.5
6,342,1.0
2,1888,0.5
6,1889,0.5
6,1890,0.5
6,1891,1.0
2,1892,1.0
4,1893,1.0
8,1894,0.5
8,1895,0.5
7,1820,1.0
9,1275,1.0
3,1896,1.0
7,584,0.5
0,1897,0.5
9,1898,0.5
7,386,1.0
8,1899,1.5
3,864,0.5
7,1900,0.5
9,1901,0.5
8,526,0.5
1,1902,1.0
0,1903,1.0
8,1904,0.5
4,1905,1.0
2,1906,0.5
4,1907,1.0
5,1172,0.5
7,1908,1.0
4,1909,0.5
7,1910,0.5
5,1911,0.5
1,1912,1.0
8,1913,1.0
4,1914,1.0
0,1915,1.0
1,1916,1.0
8,1917,1.0
5,1918,1.0
4,1919,0.5
2,1920,0.5
2,961,1.0
3,1921,0.5
3,1376,0.5
1,1922,0.5
1,1295,0.5
2,1923,0.5
8,1924,0.5
9,1925,0.5
3,182,1.0
8,1926,0.5
1,1927,1.0
4,1928,1.0
0,1929,1.0
8,1138,0.5
2,1930,1.0
0,1931,1.0
7,812,1.0
3,1932,0.5
7,821,1.0
1,1933,0.5
5,1934,0.5
2,1935,1.0
4,1936,0.5
9,1937,0.5
7,1938,0.5
6,1939,0.5
7,1940,1.0
8,1941,0.5
0,601,0.5
6,1942,0.5
4,1943,1.5
0,1514,0.5
8,1944,0.5
2,1945,0.5
6,1946,0.5
6,1021,0.5
0,1947,1.0
0,1053,0.5
2,1948,0.5
7,1949,0.5
4,1472,0.5
6,1950,1.0
4,1951,0.5
7,1952,0.5
6,1953,1.0
6,1954,0.5
5,1387,0.5
5,1955,1.0
0,1946,0.5
5,894,0.5
3,1956,0.5
0,961,0.5
3,1360,0.5
1,1166,0.5
3,1957,0.5
3,1958,1.0
4,1959,1.0
1,1960,0.5
8,541,0.5
4,1961,1.0
7,1962,1.5
0,1168,0.5
3,1963,1.0
7,1964,0.5
0,1965,0.5
5,801,0.5
2,1966,1.0
1,1967,0.5
9,1968,0.5
4,1969,0.5
9,1970,1.0
2,1971,0.5
4,1972,0.5
9,1973,0.5
0,1974,0.5
1,1975,0.5
7,1976,0.5
9,1977,1.0
5,1978,0.5
6,1979,0.5
3,1980,0.5
6,697,0.5
9,1981,0.5
5,1982,0.5
5,1983,1.0
1,1984,0.5
7,1985,0.5
2,1510,1.0
0,1986,1.0
3,1987,1.0
5,1988,0.5
3,1989,0.5
9,1397,0.5
5,1462,0.5
3,1990,0.5
2,1991,1.5
8,384,1.0
4,657,0.5
4,1992,0.5
1,1993,1.0
7,1994,1.0
0,1995,0.5
7,1996,0.5
7,1997,0.5
2,1998,0.5
8,1999,1.0
7,1525,0.5
9,2000,1.0
6,2001,0.5
5,2002,0.5
1,2003,0.5
9,2004,0.5
9,1611,0.5
9,1216,0.5
4,2005,0.5
5,2006,0.5
0,54,1.0
1,2007,1.0
8,991,1.0
0,2008,1.0
3,2009,0.5
8,2010,1.0
0,2011,0.5
7,491,0.5
5,2012,0.5
0,2013,1.0
4,2014,0.5
1,2015,1.0
6,2016,1.0
3,170,0.5
9,2017,0.5
3,2018,1.0
2,1344,0.5
9,2019,0.5
8,2020,1.0
3,1518,0.5
8,2021,0.5
1,2022,0.5
0,2023,1.0
0,2024,0.5
6,2025,0.5
5,2026,0.5
5,2027,0.5
6,1948,0.5
2,2028,0.5
7,2029,1.0
6,1961,0.5
2,2030,0.5
3,469,0.5
4,2031,1.0
9,2032,1.0
9,2033,1.0
0,2034,0.5
0,2035,0.5
9,2036,0.5
6,2037,0.5
5,2038,0.5
9,2039,1.0
5,402,1.0
4,2040,1.0
0,108,0.5
4,2041,0.5
7,1649,0.5
8,2042,1.0
2,1816,1.0
7,2043,1.0
0,2044,1.0
4,2045,0.5
7,2046,0.5
4,22,1.0
0,2047,1.0
4,2048,0.5
4,2049,0.5
6,2050,0.5
6,2051,1.0
2,426,0.5
1,2052,0.5
0,1857,0.5
3,2053,0.5
8,2054,0.5
5,2055,1.0
8,2056,0.5
0,2057,0.5
5,929,0.5
2,2058,0.5
5,2059,1.0
7,2060,1.0
1,349,0.5
0,479,0.5
3,2061,0.5
0,2062,0.5
5,2063,0.5
5,2064,1.0
5,2065,1.0
5,2066,0.5
1,2067,1.0
2,2068,0.5
8,2069,0.5
6,2070,0.5
3,2071,1.0
9,1619,0.5
7,2072,1.0
4,2073,0.5
1,2074,0.5
4,2075,0.5
2,2076,0.5
3,2077,0.5
8,1947,0.5
8,2078,1.0
0,2079,0.5
5,2080,0.5
7,2081,0.5
2,2082,1.0
9,2083,1.0
2,2084,0.5
5,2085,0.5
8,2086,0.5
1,803,0.5
5,2046,1.0
1,2087,0.5
0,2088,0.5
3,2089,0.5
8,2090,1.0
0,44,0.5
2,2091,0.5
9,2092,1.0
6,2093,0.5
8,2094,0.5
3,2095,0.5
2,2096,0.5
4,762,0.5
5,2097,1.0
7,2098,0.5
7,2099,0.5
4,2100,0.5
2,2101,0.5
6,795,1.0
9,2102,1.0
6,297,0.5
2,2103,1.0
9,2104,1.0
3,1018,0.5
7,1983,0.5
3,2105,0.5
4,1751,0.5
4,2106,1.0
9,2107,0.5
6,1580,0.5
1,2108,0.5
9,1872,1.0
8,2109,0.5
1,2110,1.0
5,2111,0.5
0,2112,0.5
9,2113,0.5
1,2114,0.5
2,2115,0.5
1,2116,0.5
9,1159,0.5
6,1018,0.5
3,1318,1.0
9,2117,0.5
0,1415,0.5
8,522,1.0
5,2118,1.0
7,1691,0.5
7,2119,0.5
4,1974,1.0
1,2120,0.5
9,2121,0.5
1,2122,0.5
9,2123,0.5
5,2124,1.0
4,2125,1.0
0,2126,1.0
5,2127,0.5
3,2128,1.0
7,2129,0.5
0,2130,0.5
4,2131,1.0
3,495,0.5
0,2132,0.5
2,2133,0.5
4,2124,0.5
6,1971,0.5
2,2134,0.5
8,226,1.0
4,2135,1.0
7,2136,0.5
2,1164,0.5
3,1830,1.0
5,147,1.0
1,2137,0.5
6,2138,0.5
0,404,0.5
4,2139,0.5
5,2140,0.5
4,1443,0.5
6,1940,1.0
6,2141,1.0
1,1803,0.5
0,1935,0.5
0,837,1.0
0,2142,1.0
5,2143,1.0
5,493,1.0
9,2144,0.5
6,2145,0.5
4,394,1.0
1,2032,1.0
2,2146,0.5
6,2147,0.5
4,1465,0.5
9,2148,0.5
5,623,0.5
9,2149,0.5
2,2150,1.0
9,2151,0.5
5,2152,0.5
2,2153,1.0
8,2154,0.5
6,2155,1.0
8,1811,0.5
5,2156,0.5
3,1784,0.5
8,327,1.0
4,695,0.5
1,2157,1.0
0,2158,0.5
4,549,1.0
4,1329,1.0
0,2159,0.5
6,2160,1.0
1,2161,0.5
6,2162,1.0
2,2163,1.0
8,2164,0.5
6,2165,1.0
7,2166,1.0
8,2167,0.5
4,2168,0.5
5,1958,0.5
0,732,0.5
7,2169,1.5
0,2170,0.5
2,2171,0.5
0,1847,1.0
2,2172,1.0
8,2173,0.5
8,2174,0.5
1,2175,0.5
4,2176,0.5
6,2177,0.5
0,594,1.0
3,2178,0.5
5,2179,1.0
0,2180,1.0
9,2181,1.0
6,2182,0.5
3,2183,0.5
3,2184,0.5
4,2185,1.0
0,2186,0.5
9,2187,1.0
1,609,0.5
7,1744,0.5
6,2188,0.5
5,1661,1.0
0,2189,0.5
1,786,1.0
1,2190,1.0
3,2191,1.0
1,2192,1.0
3,2193,1.0
7,2194,0.5
9,2195,0.5
3,2196,0.5
2,2197,1.0
9,2198,0.5
6,484,0.5
4,2199,0.5
2,2200,0.5
2,2201,0.5
2,1050,0.5
9,2202,1.0
0,2203,1.0
2,1133,0.5
4,2204,1.0
2,2205,0.5
9,2206,0.5
5,256,1.0
9,2207,0.5
7,2208,0.5
2,1528,0.5
1,2209,1.0
2,2044,0.5
8,558,0.5
2,2210,0.5
0,2211,0.5
3,2212,1.0
2,2213,0.5
4,2211,0.5
5,2214,0.5
1,1981,1.0
0,2215,0.5
3,2216,0.5
8,1469,1.0
4,2217,1.0
8,851,0.5
6,2218,1.0
7,2219,0.5
0,910,0.5
9,2220,0.5
0,2221,0.5
3,2222,0.5
7,2223,0.5
1,2224,0.5
0,1742,1.0
2,2225,1.0
7,2226,0.5
8,2227,1.0
4,2228,0.5
8,2229,1.0
3,1319,1.0
9,2230,0.5
4,696,0.5
9,2231,0.5
2,2232,0.5
1,2233,0.5
2,1071,0.5
9,2234,1.0
2,2235,0.5
9,2236,0.5
1,1627,0.5
6,2237,1.0
5,2238,1.0
4,2239,0.5
0,2240,0.5
8,1418,1.0
5,2241,1.0
0,2242,1.0
9,2243,0.5
3,1042,0.5
9,2244,0.5
0,2245,0.5
3,2246,0.5
9,2247,1.0
1,1168,0.5
3,2248,0.5
9,2249,1.0
7,2250,0.5
0,2076,1.0
2,837,1.0
1,2251,1.0
3,2252,1.0
9,1258,1.0
5,2253,1.0
3,2254,0.5
3,938,0.5
9,657,1.0
5,2255,0.5
3,2256,0.5
7,2257,0.5
5,2258,1.0
0,2259,0.5
8,2260,1.0
8,1563,0.5
2,2261,1.0
2,2262,0.5
9,2263,0.5
1,2264,0.5
7,2265,1.0
0,1385,0.5
1,2266,1.0
0,2267,1.0
7,2268,1.0
9,2269,0.5
5,2270,1.0
7,1062,0.5
5,2271,0.5
2,2272,0.5
1,2273,0.5
3,792,0.5
1,2274,0.5
9,2275,1.0
9,2276,0.5
3,2277,1.0
6,2278,0.5
9,2279,1.0
2,2280,1.0
9,2281,0.5
6,2282,2.0
4,1219,0.5
7,1699,0.5
7,329,1.0
5,2283,1.0
5,2284,0.5
5,2285,0.5
0,623,0.5
9,1344,0.5
1,1169,0.5
1,2286,0.5
9,5,0.5
2,2287,0.5
1,2288,0.5
8,80,0.5
2,673,1.0
8,2289,0.5
7,2290,0.5
8,1428,1.0
8,580,0.5
4,2291,1.0
3,2292,0.5
3,2209,0.5
0,1695,0.5
2,2293,0.5
6,1968,0.5
8,2294,0.5
5,2141,0.5
7,2295,1.0
3,2296,1.0
6,243,0.5
7,2297,1.0
6,2298,1.5
5,2299,0.5
1,2300,1.0
5,2301,0.5
7,2302,1.0
8,2303,1.0
8,2304,1.0
7,1693,1.0
5,2305,1.0
6,2306,0.5
4,2079,1.0
0,2307,0.5
4,2308,0.5
0,351,1.0
8,2309,0.5
5,2310,0.5
1,432,0.5
9,2311,0.5
0,1374,1.0
3,2312,0.5
7,2313,0.5
5,2313,0.5
4,1590,0.5
8,480,0.5
7,2314,0.5
1,2315,1.0
2,1223,0.5
3,2316,0.5
9,2317,0.5
0,2318,0.5
9,2319,0.5
7,2320,1.0
4,640,0.5
4,1741,1.0
0,2321,1.0
3,2322,0.5
8,2323,0.5
5,2324,1.0
0,2325,0.5
9,2326,1.0
2,2327,1.0
2,2328,1.0
4,2329,0.5
5,2330,0.5
5,2331,0.5
8,2332,1.0
0,2333,0.5
8,2334,0.5
1,2335,1.0
0,171,1.0
2,2336,0.5
8,1215,0.5
5,2101,0.5
2,2337,1.0
2,1740,1.0
4,2338,0.5
1,1651,0.5
6,2339,1.0
9,2340,0.5
5,108,0.5
9,2341,1.0
8,2342,0.5
9,2343,1.0
1,1856,0.5
9,2216,0.5
2,2344,1.0
3,2345,0.5
8,2346,0.5
4,2347,1.0
2,2348,0.5
2,2349,0.5
5,2350,0.5
9,2351,0.5
7,2352,0.5
9,1427,0.5
5,2353,1.0
5,2354,1.0
8,477,1.0
9,2355,1.0
0,2356,0.5
6,493,0.5
1,1314,0.5
6,2357,1.0
7,2082,0.5
9,2358,0.5
2,2359,1.0
9,2360,0.5
6,2361,0.5
9,2362,1.0
0,2363,0.5
5,2364,0.5
7,2365,0.5
3,1620,0.5
4,353,0.5
5,2366,0.5
4,2367,1.0
3,2368,2.0
0,2369,0.5
0,1883,1.0
7,2370,1.0
3,2371,0.5
2,2372,0.5
8,950,0.5
2,2373,0.5
6,1250,1.0
4,1296,0.5
6,615,0.5
4,2374,0.5
9,2375,0.5
1,2376,0.5
2,1228,0.5
8,2377,0.5
4,2378,0.5
9,2379,0.5
3,1158,0.5
2,2380,1.0
5,2381,0.5
0,2382,0.5
2,2383,0.5
7,839,0.5
0,2384,0.5
8,1124,1.0
1,2385,1.0
3,2386,0.5
4,687,0.5
4,1587,1.0
8,2387,0.5
2,2388,1.0
6,39,0.5
4,2389,0.5
0,871,1.0
0,2390,0.5
2,2391,0.5
8,1040,0.5
0,2392,0.5
0,2393,0.5
2,445,0.5
1,2394,0.5
0,1811,1.0
0,2395,0.5
0,1276,1.0
9,2396,1.0
0,2397,1.0
6,716,1.0
0,112,0.5
5,2398,0.5
5,2399,0.5
9,2352,1.0
1,2400,0.5
7,1865,1.0
5,2401,0.5
1,2402,1.0
2,2403,0.5
2,2404,1.0
6,2040,0.5
9,538,0.5
5,2405,0.5
8,2406,0.5
0,2407,0.5
1,74,0.5
2,338,1.0
0,2408,0.5
9,1303,1.0
2,2409,1.0
7,274,1.0
5,1036,1.0
3,2410,0.5
6,1496,1.0
1,2411,0.5
5,318,0.5
4,2412,1.0
7,561,1.0
5,2413,0.5
8,789,0.5
6,2414,1.0
0,2415,0.5
2,2416,0.5
4,2417,1.0
8,2418,0.5
3,2419,0.5
5,2420,0.5
5,238,0.5
1,2421,0.5
6,2422,1.0
2,420,0.5
9,847,1.0
2,2423,0.5
8,2424,0.5
1,48,0.5
7,2425,0.5
9,2426,0.5
8,2427,0.5
8,2333,0.5
9,2428,0.5
0,2429,0.5
7,2253,0.5
3,1820,0.5
2,2430,0.5
4,2431,0.5
7,2432,0.5
5,1763,0.5
3,684,0.5
6,2433,0.5
4,2434,1.0
2,2435,0.5
7,2436,0.5
0,2437,1.0
1,2438,0.5
8,1321,0.5
2,2439,0.5
2,2440,0.5
9,2441,0.5
7,63,0.5
4,2442,0.5
0,943,0.5
6,2443,0.5
5,2444,1.0
7,2445,0.5
0,2446,0.5
9,2106,0.5
4,2283,1.0
7,1089,1.0
7,2447,0.5
9,586,0.5
6,1851,1.0
6,2448,1.0
2,2449,1.0
8,1943,0.5
1,2450,0.5
0,2451,1.0
4,2452,1.0
3,2453,0.5
9,2454,0.5
3,555,1.0
6,2455,1.0
3,2456,0.5
4,2457,0.5
4,2458,1.0
4,347,0.5
5,2459,0.5
1,2460,1.0
1,682,1.0
0,1980,1.0
7,2461,0.5
4,2462,1.0
6,2463,0.5
5,2464,0.5
1,2302,0.5
0,2465,1.0
3,513,0.5
2,2466,1.5
8,2467,0.5
7,889,0.5
1,2468,0.5
2,2469,1.0
6,2470,0.5
6,2471,0.5
5,2472,1.0
6,2473,1.0
1,2474,0.5
1,2475,0.5
3,2476,0.5
2,321,1.0
0,480,1.0
6,2477,0.5
1,1369,0.5
3,2478,0.5
5,1879,0.5
9,2479,0.5
6,2480,0.5
2,2481,1.0
5,2482,0.5
8,2483,1.0
1,2484,0.5
6,2485,0.5
9,1534,0.5
8,2486,1.0
8,2487,0.5
1,2488,0.5
6,2489,1.0
0,2490,0.5
1,2491,1.0
7,1708,0.5
7,511,1.0
4,2492,0.5
9,292,1.0
3,2493,1.0
0,147,0.5
4,583,1.0
2,2494,0.5
8,2495,0.5
6,2496,0.5
4,2497,1.0
7,2498,1.0
7,2499,0.5
5,2500,0.5
8,2501,1.0
0,137,0.5
2,2502,1.0
0,2226,0.5
6,2503,0.5
1,2504,0.5
9,607,0.5
3,2505,0.5
7,1183,0.5
4,2506,0.5
7,2353,0.5
4,2507,0.5
9,1461,0.5
2,753,0.5
6,2508,0.5
7,2509,1.0
7,2188,0.5
5,1306,0.5
7,2510,0.5
4,96,0.5
3,2511,0.5
9,2512,0.5
1,2513,0.5
0,2514,0.5
3,2515,1.0
4,2516,1.0
2,2517,0.5
6,2518,1.0
2,2257,0.5
8,2519,0.5
8,2520,0.5
5,2521,0.5
0,2522,1.0
7,2266,0.5
2,2523,0.5
5,2524,1.0
5,2525,0.5
5,838,0.5
7,2526,0.5
4,2527,0.5
9,2528,0.5
5,2529,0.5
3,711,0.5
5,2530,0.5
8,2531,0.5
3,2532,0.5
1,2533,0.5
9,2534,1.0
6,2535,1.0
5,2536,0.5
0,2537,0.5
8,1847,0.5
0,2315,0.5
2,2538,0.5
2,1565,0.5
4,2539,0.5
8,1461,1.0
8,2540,0.5
5,2541,0.5
0,2498,1.0
5,2542,1.0
0,2338,0.5
4,2543,0.5
5,1129,0.5
9,2544,0.5
8,1871,1.0
8,2545,1.0
2,2546,1.0
3,2547,1.0
7,2548,1.0
3,2108,0.5
2,2549,1.0
9,942,0.5
1,2550,1.0
3,654,1.0
2,2424,0.5
6,2551,0.5
4,2552,0.5
1,2553,0.5
8,2554,0.5
7,1079,0.5
5,1212,0.5
5,2555,1.0
4,2394,1.0
2,1522,0.5
3,2556,0.5
5,2075,1.0
5,2557,1.0
4,2558,0.5
1,1445,1.0
3,2559,1.0
7,902,1.0
6,2560,0.5
3,2561,0.5
6,2562,0.5
9,2563,1.0
0,2564,1.0
0,1644,1.0
0,2565,0.5
0,2566,0.5
8,2567,0.5
8,1601,0.5
0,2568,1.0
0,385,0.5
1,163,0.5
1,2569,0.5
5,1579,1.0
9,334,0.5
7,1076,0.5
8,2570,1.0
4,2571,0.5
1,2572,0.5
1,2573,0.5
4,2574,0.5
3,2575,0.5
1,2280,0.5
2,224,0.5
4,743,0.5
5,2576,0.5
9,2345,0.5
0,2577,0.5
4,41,1.0
0,790,0.5
5,429,1.0
3,2406,0.5
6,1989,1.0
2,538,1.0
3,557,0.5
3,2578,0.5
7,2579,0.5
9,2580,1.0
3,2581,0.5
5,2582,0.5
7,1145,0.5
2,2583,0.5
9,1553,0.5
5,2523,1.0
0,2584,0.5
8,2585,0.5
0,2586,0.5
6,2587,1.0
4,46,0.5
0,482,0.5
5,2588,1.0
4,2550,1.0
4,1115,0.5
7,2589,0.5
2,1558,0.5
6,2590,0.5
3,2591,0.5
7,2308,0.5
9,2592,1.0
9,2593,1.0
6,2594,0.5
3,2595,1.0
1,1674,0.5
7,47,1.0
9,2596,0.5
4,128,1.0
6,2028,1.0
2,2597,0.5
2,1484,1.0
2,2598,0.5
3,2599,0.5
8,1648,0.5
8,2600,0.5
8,2601,0.5
5,2602,0.5
2,2603,0.5
8,2604,0.5
1,2605,0.5
0,2606,1.0
5,1322,0.5
0,2607,0.5
1,435,1.0
3,2608,0.5
5,2609,0.5
2,2610,0.5
6,452,0.5
9,2611,1.0
2,120,0.5
1,646,1.0
7,2612,0.5
5,1869,1.0
6,2613,0.5
7,2614,0.5
3,2615,0.5
2,1271,0.5
5,1569,0.5
4,2616,1.0
0,1317,0.5
8,1786,1.0
6,2617,0.5
1,2618,0.5
5,2619,1.0
9,2620,1.0
3,683,0.5
2,2621,0.5
8,2622,0.5
7,2623,1.0
2,2624,1.0
1,2625,0.5
0,2626,0.5
8,2627,0.5
3,2028,0.5
2,2628,0.5
1,2629,1.0
7,2630,0.5
1,1760,1.0
6,2631,0.5
7,2632,0.5
6,2633,0.5
5,2203,1.0
4,153,1.0
4,2634,0.5
9,2635,1.0
1,2636,0.5
1,2637,1.0
3,1474,0.5
4,2638,1.0
8,2639,0.5
6,903,0.5
1,2640,1.0
2,2641,1.0
0,2642,0.5
1,2643,0.5
0,2644,0.5
1,2645,1.0
4,1336,1.0
0,2646,0.5
8,320,0.5
5,2647,1.0
3,2648,0.5
3,2649,0.5
6,142,1.0
1,704,0.5
1,2650,0.5
1,2651,0.5
8,2422,0.5
4,2652,0.5
2,889,0.5
1,32,0.5
5,2653,1.0
9,2077,0.5
1,2654,1.0
8,2655,0.5
0,2656,1.0
6,1973,0.5
4,2657,0.5
5,1471,0.5
8,464,0.5
2,2658,0.5
9,2659,0.5
3,668,0.5
1,2660,1.0
9,2661,0.5
7,2662,1.0
2,2663,0.5
1,2664,1.0
5,2665,1.0
6,2666,0.5
1,2667,0.5
3,2668,0.5
4,2669,0.5
7,2670,0.5
8,2671,0.5
4,1593,1.0
1,2672,0.5
4,2,1.0
8,2673,0.5
4,2674,1.0
3,2675,0.5
3,2676,0.5
9,2677,1.0
6,2678,1.0
8,28,0.5
7,2679,0.5
0,2680,1.0
1,2681,0.5
5,2682,0.5
5,2683,0.5
6,1582,0.5
0,367,0.5
2,2684,1.0
8,2685,1.0
2,1862,1.0
0,2686,1.0
4,688,0.5
2,2687,0.5
0,798,0.5
5,1348,0.5
9,2415,0.5
7,984,0.5
1,2688,0.5
7,2689,0.5
2,1833,0.5
9,2690,0.5
9,2691,1.0
9,2692,0.5
7,2693,0.5
9,2694,0.5
3,2695,0.5
2,2696,1.0
2,2697,0.5
5,2698,0.5
3,2699,0.5
0,2700,0.5
7,2701,0.5
9,2702,0.5
6,2703,0.5
9,2704,0.5
7,2705,0.5
5,2706,0.5
1,2707,1.0
8,2708,0.5
9,2709,0.5
0,2710,1.0
0,2711,0.5
2,2712,0.5
3,2713,0.5
5,2714,0.5
2,2715,1.0
0,2716,1.0
2,2717,1.0
3,2718,0.5
1,2719,0.5
1,942,0.5
4,2720,1.0
3,2721,1.0
3,593,1.0
6,44,1.0
0,2722,0.5
3,2723,1.0
6,439,0.5
2,921,0.5
8,2724,0.5
2,2725,0.5
2,1076,0.5
4,2726,0.5
3,2218,0.5
9,2727,0.5
4,2728,0.5
8,2729,0.5
2,1688,1.0
7,2710,1.0
1,1609,0.5
6,2730,0.5
7,397,0.5
7,2731,0.5
6,2732,0.5
6,1348,1.0
8,1068,0.5
3,1909,1.0
9,2733,0.5
2,2680,1.0
7,2734,0.5
8,2735,1.0
3,2393,0.5
7,2736,0.5
3,2737,0.5
7,2738,0.5
9,2739,0.5
9,2,0.5
0,2740,1.0
6,2741,1.0
1,550,1.0
1,908,1.0
3,1163,0.5
1,2742,0.5
1,345,1.0
3,2743,0.5
2,2744,0.5
1,365,1.0
3,1008,1.0
2,2212,1.0
5,2321,0.5
5,2745,1.0
5,133,1.0
7,1483,0.5
7,2746,0.5
5,2747,0.5
8,2748,0.5
2,2749,0.5
2,2750,0.5
8,518,0.5
1,2751,1.0
1,2319,0.5
1,2223,0.5
1,2752,1.0
2,2753,0.5
8,2754,0.5
8,2755,1.0
9,165,1.0
1,2478,0.5
2,2756,0.5
2,1497,0.5
9,2757,1.0
1,2758,1.0
4,2759,0.5
4,2743,0.5
2,2760,1.0
2,2761,1.0
0,2762,1.0
8,2763,0.5
1,2764,0.5
0,2765,0.5
0,1010,0.5
7,2324,1.0
3,569,0.5
3,2766,0.5
8,2767,0.5
9,2112,1.0
0,2768,0.5
8,2769,0.5
9,2770,1.0
7,1265,0.5
5,2771,0.5
8,2772,0.5
2,333,1.0
2,974,0.5
8,1574,0.5
4,588,0.5
6,1308,0.5
8,2773,0.5
1,484,0.5
6,2347,0.5
6,2774,0.5
5,490,0.5
0,2775,1.0
1,2483,1.0
2,2776,0.5
9,2777,0.5
3,2778,1.0
0,1069,1.0
2,1726,0.5
6,2779,0.5
8,2780,1.0
5,2781,0.5
3,2782,0.5
2,2783,0.5
1,2784,0.5
7,2785,0.5
4,2786,0.5
9,1876,0.5
9,2787,1.0
3,2645,0.5
4,2788,1.0
0,2671,0.5
1,2789,1.0
9,2790,0.5
5,126,0.5
5,2791,0.5
0,2792,0.5
0,2793,0.5
9,2794,1.0
6,2795,0.5
6,2796,1.0
8,1732,0.5
3,2797,0.5
9,2798,1.0
9,962,1.0
6,2799,1.0
3,2037,0.5
4,1808,1.0
4,2712,0.5
6,2800,1.0
2,2801,0.5
3,2802,1.0
1,2803,0.5
2,1165,1.0
5,346,0.5
3,2804,1.5
5,640,0.5
6,2805,0.5
1,2806,0.5
5,2807,1.0
1,2808,0.5
8,2809,0.5
8,2810,1.0
7,2187,1.0
2,497,1.0
5,2811,0.5
2,2812,0.5
6,2813,0.5
7,2814,0.5
3,2815,0.5
5,2816,1.0
4,2817,0.5
7,1431,0.5
0,2818,0.5
8,2588,1.0
6,2221,1.0
3,2819,0.5
1,2820,0.5
4,239,0.5
9,2821,1.0
0,2822,0.5
0,2823,1.0
8,2824,1.0
1,2825,0.5
4,2826,0.5
7,2049,0.5
1,2827,0.5
0,2828,0.5
7,2829,0.5
5,2830,0.5
3,2831,0.5
0,2832,0.5
5,895,1.0
7,2833,0.5
8,876,0.5
2,172,1.0
5,2834,1.0
5,2835,0.5
2,786,0.5
5,2836,0.5
1,2837,0.5
0,2838,0.5
1,2839,1.0
4,2482,0.5
6,2840,0.5
8,2841,0.5
8,2842,0.5
5,2843,0.5
7,2844,0.5
8,2845,0.5
1,2846,0.5
0,2847,0.5
5,2848,0.5
4,2849,0.5
6,2850,0.5
3,1125,0.5
7,2741,0.5
6,2851,0.5
5,2852,1.0
2,2853,1.0
5,2854,1.0
7,2855,0.5
9,2856,0.5
7,2857,0.5
9,2473,1.0
9,2858,0.5
6,14,0.5
6,2249,0.5
3,2859,0.5
2,2860,0.5
7,2861,0.5
7,2862,0.5
2,2863,0.5
6,2864,1.0
8,2865,0.5
9,2866,1.0
1,2867,0.5
9,2868,1.0
8,2869,0.5
7,2870,0.5
5,2068,0.5
4,2871,0.5
7,179,0.5
2,1284,0.5
2,404,1.0
9,1926,0.5
9,2872,0.5
5,904,0.5
2,2789,0.5
9,828,0.5
7,2873,1.0
9,790,0.5
3,1427,0.5
2,2874,1.0
5,2087,1.0
2,2875,0.5
6,516,0.5
3,2876,1.0
5,2877,1.0
3,2878,0.5
0,2879,0.5
5,1954,0.5
8,2880,0.5
0,2881,0.5
9,2882,0.5
9,2883,0.5
9,2884,1.0
1,2885,0.5
0,2886,0.5
4,2887,1.0
9,2888,1.0
6,2889,0.5
5,1800,0.5
6,2890,1.0
2,62,0.5
5,1157,1.0
8,390,0.5
8,2891,1.0
3,152,0.5
5,2892,0.5
6,2119,1.0
5,2893,1.0
1,2894,0.5
3,2656,0.5
2,2895,1.0
4,2896,1.0
0,2897,1.0
4,2898,0.5
9,2899,0.5
7,2900,0.5
6,2901,1.0
1,2902,0.5
9,2903,0.5
2,627,0.5
5,2904,0.5
2,2905,1.0
1,2906,0.5
1,425,0.5
3,2907,0.5
5,2908,0.5
0,2909,1.0
6,2910,0.5
1,2911,0.5
6,1795,0.5
5,2912,1.0
0,363,1.0
8,269,0.5
1,2913,1.0
5,324,0.5
7,130,0.5
8,1316,0.5
5,1260,0.5
2,2914,1.0
3,2915,0.5
9,2916,1.0
3,2917,1.0
3,785,0.5
4,2918,0.5
0,543,0.5
1,2427,1.0
4,1447,0.5
4,2302,0.5
9,2919,0.5
2,1262,0.5
2,2870,0.5
5,2920,1.0
2,1718,0.5
3,2921,0.5
2,2922,1.0
2,113,0.5
1,1476,1.0
4,2923,0.5
4,1089,0.5
6,1112,1.0
8,1993,0.5
1,2924,1.0
1,2925,0.5
4,2926,0.5
8,1387,0.5
9,2703,0.5
8,2927,1.0
3,1041,0.5
5,2928,0.5
1,2929,0.5
9,1596,0.5
9,2930,0.5
4,2931,1.0
6,2009,0.5
4,1870,1.0
1,2445,0.5
8,2932,0.5
5,2933,1.0
2,2934,0.5
1,2935,0.5
9,2936,0.5
4,2937,0.5
4,31,0.5
1,2938,0.5
4,2939,0.5
7,1564,1.0
4,2940,1.0
9,762,1.0
9,2941,0.5
1,2942,0.5
1,2831,0.5
2,2943,1.0
5,2944,0.5
5,2945,0.5
7,2946,0.5
0,2947,0.5
6,751,0.5
4,2085,1.0
2,2948,1.0
1,692,0.5
3,2949,0.5
8,2950,0.5
5,2951,0.5
6,1723,0.5
4,2952,0.5
0,2953,1.0
1,1102,0.5
6,2452,1.0
5,2954,0.5
6,2955,1.0
6,2030,0.5
2,2769,1.0
1,2173,0.5
5,2956,1.0
8,2957,0.5
7,2958,1.0
5,2534,0.5
5,2959,0.5
4,2960,0.5
0,2500,0.5
4,2961,1.0
2,2060,0.5
8,2962,1.0
5,2342,0.5
3,2963,0.5
5,2964,1.0
7,2965,1.0
1,387,0.5
0,2966,0.5
7,1131,0.5
4,2967,0.5
8,2968,1.0
9,2969,0.5
2,1806,1.0
2,2970,1.0
1,1060,1.0
4,2971,0.5
4,906,0.5
2,2972,0.5
9,2973,0.5
1,2974,0.5
0,2975,0.5
4,491,1.0
2,1224,0.5
2,2976,0.5
5,2977,0.5
5,2978,1.0
0,2979,0.5
0,2980,0.5
9,358,0.5
2,2303,0.5
4,2721,0.5
2,164,0.5
2,1813,0.5
0,2981,0.5
0,2982,0.5
4,2983,0.5
5,727,1.0
2,2984,0.5
3,2985,0.5
8,2986,0.5
4,2987,1.0
3,2988,0.5
7,1351,0.5
0,2989,0.5
1,2486,1.0
3,2990,0.5
5,2991,1.0
2,2992,0.5
6,2993,0.5
7,2994,0.5
9,2995,0.5
4,971,0.5
9,2996,1.0
2,2997,0.5
5,2998,0.5
3,2999,1.0
2,269,0.5
5,2721,0.5
1,3000,1.0
5,3001,0.5
6,1104,1.0
6,3002,0.5
7,2377,0.5
0,3003,1.0
1,3004,0.5
8,820,0.5
1,3005,0.5
4,392,0.5
0,3006,1.0
4,1096,0.5
7,2180,0.5
9,1293,0.5
9,3007,0.5
7,3008,0.5
2,2821,1.0
1,3009,1.0
1,3010,0.5
4,2128,0.5
0,7,1.0
3,2659,0.5
1,3011,0.5
0,3012,0.5
0,2147,0.5
5,3013,0.5
1,1657,0.5
0,1383,0.5
3,3014,1.0
9,3015,1.0
9,3016,0.5
5,876,1.0
1,3017,0.5
3,3018,0.5
6,3019,1.0
8,3020,0.5
0,2358,0.5
1,1233,1.0
4,3021,0.5
9,3022,0.5
2,2015,0.5
4,3023,0.5
7,3024,0.5
5,1126,0.5
5,2190,1.0
9,3025,0.5
5,3026,0.5
8,3027,1.0
4,3028,1.0
6,3029,0.5
5,1735,0.5
8,3030,0.5
3,3031,0.5
9,3032,0.5
9,1797,0.5
1,1360,0.5
9,3033,0.5
5,3034,0.5
3,3035,0.5
8,656,0.5
1,3036,1.0
6,3037,0.5
4,3017,1.0
9,3038,1.0
7,3039,1.0
4,3040,1.0
3,1308,0.5
6,3041,0.5
9,1848,0.5
8,3042,0.5
3,2880,1.0
1,1526,0.5
8,3043,1.0
3,3044,0.5
5,3045,0.5
2,3046,0.5
3,1155,0.5
3,3047,0.5
3,2278,0.5
6,3048,0.5
7,3049,0.5
7,3050,0.5
1,3051,1.0
9,1951,1.0
4,3052,1.0
8,3053,0.5
7,3054,0.5
8,3055,1.0
9,3056,0.5
5,2458,0.5
5,3057,1.0
3,1779,0.5
6,3058,0.5
1,3059,1.0
7,3060,0.5
7,3061,0.5
4,3062,0.5
7,3063,0.5
1,3064,0.5
9,3065,0.5
3,3066,1.0
9,3067,0.5
9,3068,1.0
2,3069,0.5
1,1893,1.0
2,3070,0.5
3,1997,1.0
8,3071,1.0
2,3072,1.0
4,3073,1.0
5,1889,1.0
0,801,0.5
3,3074,1.0
6,3075,0.5
7,3076,0.5
4,1246,0.5
1,3077,0.5
1,3078,1.0
0,3079,1.0
4,3080,0.5
9,3081,1.0
1,3082,0.5
5,3083,0.5
1,3084,0.5
6,1203,0.5
0,3085,1.0
0,3086,0.5
